	CO	NO2	O3	SO2	PM2.5	PM10	aqi
0	867.84	122.01	3.67	13.83	27.26	42.34	123.0
1	867.84	122.01	3.67	13.83	27.26	42.34	123.0
2	867.84	122.01	3.67	13.83	27.26	42.34	123.0
3	307.08	43.87	60.8	3.1	4.31	12.11	55.0
4	307.08	43.87	60.8	3.1	4.31	12.11	55.0
5	307.08	43.87	60.8	3.1	4.31	12.11	55.0
6	307.08	43.87	60.8	3.1	4.31	12.11	55.0
7	307.08	43.87	60.8	3.1	4.31	12.11	55.0
8	307.08	43.87	60.8	3.1	4.31	12.11	55.0
9	307.08	43.87	60.8	3.1	4.31	12.11	55.0
10	307.08	43.87	60.8	3.1	4.31	12.11	55.0
11	307.08	43.87	60.8	3.1	4.31	12.11	55.0
12	307.08	43.87	60.8	3.1	4.31	12.11	55.0
13	307.08	43.87	60.8	3.1	4.31	12.11	55.0
14	307.08	43.87	60.8	3.1	4.31	12.11	55.0
15	307.08	43.87	60.8	3.1	4.31	12.11	55.0
16	307.08	43.87	60.8	3.1	4.31	12.11	55.0
17	307.08	43.87	60.8	3.1	4.31	12.11	55.0
18	307.08	43.87	60.8	3.1	4.31	12.11	55.0
19	307.08	43.87	60.8	3.1	4.31	12.11	55.0
20	347.14	51.41	43.27	3.82	6.2	16.85	64.0
21	347.14	51.41	43.27	3.82	6.2	16.85	64.0
22	210.29	8.82	95.84	1.33	2.44	8.86	152.0
23	210.29	8.82	95.84	1.33	2.44	8.86	152.0
24	307.08	43.87	60.8	3.1	4.31	12.11	55.0
25	307.08	43.87	60.8	3.1	4.31	12.11	55.0
26	307.08	43.87	60.8	3.1	4.31	12.11	55.0
27	307.08	43.87	60.8	3.1	4.31	12.11	55.0
28	307.08	43.87	60.8	3.1	4.31	12.11	55.0
29	347.14	51.41	43.27	3.82	6.2	16.85	64.0
30	307.08	43.87	60.8	3.1	4.31	12.11	55.0
31	210.29	8.82	95.84	1.33	2.44	8.86	152.0
32	307.08	43.87	60.8	3.1	4.31	12.11	55.0
33	307.08	43.87	60.8	3.1	4.31	12.11	55.0
34	307.08	43.87	60.8	3.1	4.31	12.11	55.0
35	307.08	43.87	60.8	3.1	4.31	12.11	55.0
36	307.08	43.87	60.8	3.1	4.31	12.11	55.0
37	1014.71	183.7	11.44	38.15	41.32	58.67	169.0
38	307.08	43.87	60.8	3.1	4.31	12.11	55.0
39	347.14	51.41	43.27	3.82	6.2	16.85	64.0
40	867.84	122.01	3.67	13.83	27.26	42.34	123.0
41	867.84	122.01	3.67	13.83	27.26	42.34	123.0
42	867.84	122.01	3.67	13.83	27.26	42.34	123.0
43	307.08	43.87	60.8	3.1	4.31	12.11	55.0
44	867.84	122.01	3.67	13.83	27.26	42.34	123.0
45	307.08	43.87	60.8	3.1	4.31	12.11	55.0
46	210.29	8.82	95.84	1.33	2.44	8.86	152.0
47	867.84	122.01	3.67	13.83	27.26	42.34	123.0
48	307.08	43.87	60.8	3.1	4.31	12.11	55.0
49	867.84	122.01	3.67	13.83	27.26	42.34	123.0
50	867.84	122.01	3.67	13.83	27.26	42.34	123.0
51	867.84	122.01	3.67	13.83	27.26	42.34	123.0
52	307.08	43.87	60.8	3.1	4.31	12.11	55.0
53	347.14	51.41	43.27	3.82	6.2	16.85	64.0
54	210.29	8.82	95.84	1.33	2.44	8.86	152.0
55	307.08	43.87	60.8	3.1	4.31	12.11	55.0
56	210.29	8.82	95.84	1.33	2.44	8.86	152.0
57	210.29	8.82	95.84	1.33	2.44	8.86	152.0
58	307.08	43.87	60.8	3.1	4.31	12.11	55.0
59	307.08	43.87	60.8	3.1	4.31	12.11	55.0
60	307.08	43.87	60.8	3.1	4.31	12.11	55.0
61	947.95	138.46	45.78	11.09	61.1	83.94	141.0
62	210.29	8.82	95.84	1.33	2.44	8.86	152.0
63	947.95	138.46	45.78	11.09	61.1	83.94	141.0
64	947.95	138.46	45.78	11.09	61.1	83.94	141.0
65	307.08	43.87	60.8	3.1	4.31	12.11	55.0
66	320.44	26.05	90.12	2.41	6.58	14.24	137.0
67	947.95	138.46	45.78	11.09	61.1	83.94	141.0
68	1014.71	183.7	11.44	38.15	41.32	58.67	169.0
69	210.29	8.82	95.84	1.33	2.44	8.86	152.0
70	307.08	43.87	60.8	3.1	4.31	12.11	55.0
71	307.08	43.87	60.8	3.1	4.31	12.11	55.0
72	867.84	122.01	3.67	13.83	27.26	42.34	123.0
73	867.84	122.01	3.67	13.83	27.26	42.34	123.0
74	867.84	122.01	3.67	13.83	27.26	42.34	123.0
75	867.84	122.01	3.67	13.83	27.26	42.34	123.0
76	307.08	43.87	60.8	3.1	4.31	12.11	55.0
77	1014.71	183.7	11.44	38.15	41.32	58.67	169.0
78	1014.71	183.7	11.44	38.15	41.32	58.67	169.0
79	1014.71	183.7	11.44	38.15	41.32	58.67	169.0
80	320.44	26.05	90.12	2.41	6.58	14.24	137.0
81	867.84	122.01	3.67	13.83	27.26	42.34	123.0
82	867.84	122.01	3.67	13.83	27.26	42.34	123.0
83	867.84	122.01	3.67	13.83	27.26	42.34	123.0
84	867.84	122.01	3.67	13.83	27.26	42.34	123.0
85	867.84	122.01	3.67	13.83	27.26	42.34	123.0
86	867.84	122.01	3.67	13.83	27.26	42.34	123.0
87	867.84	122.01	3.67	13.83	27.26	42.34	123.0
88	867.84	122.01	3.67	13.83	27.26	42.34	123.0
89	188.59	2.31	103.0	0.27	2.5	10.43	170.0
90	191.93	3.56	103.0	0.47	2.39	9.64	170.0
91	867.84	122.01	3.67	13.83	27.26	42.34	123.0
92	1014.71	183.7	11.44	38.15	41.32	58.67	169.0
93	210.29	8.82	95.84	1.33	2.44	8.86	152.0
94	947.95	138.46	45.78	11.09	61.1	83.94	141.0
95	947.95	138.46	45.78	11.09	61.1	83.94	141.0
96	867.84	122.01	3.67	13.83	27.26	42.34	123.0
97	867.84	122.01	3.67	13.83	27.26	42.34	123.0
98	867.84	122.01	3.67	13.83	27.26	42.34	123.0
99	191.93	3.56	103.0	0.47	2.39	9.64	170.0
100	320.44	26.05	90.12	2.41	6.58	14.24	137.0
101	320.44	26.05	90.12	2.41	6.58	14.24	137.0
102	320.44	26.05	90.12	2.41	6.58	14.24	137.0
103	867.84	122.01	3.67	13.83	27.26	42.34	123.0
104	867.84	122.01	3.67	13.83	27.26	42.34	123.0
105	867.84	122.01	3.67	13.83	27.26	42.34	123.0
106	867.84	122.01	3.67	13.83	27.26	42.34	123.0
107	867.84	122.01	3.67	13.83	27.26	42.34	123.0
108	210.29	8.82	95.84	1.33	2.44	8.86	152.0
109	210.29	8.82	95.84	1.33	2.44	8.86	152.0
110	210.29	8.82	95.84	1.33	2.44	8.86	152.0
111	210.29	8.82	95.84	1.33	2.44	8.86	152.0
112	210.29	8.82	95.84	1.33	2.44	8.86	152.0
113	867.84	122.01	3.67	13.83	27.26	42.34	123.0
114	867.84	122.01	3.67	13.83	27.26	42.34	123.0
115	867.84	122.01	3.67	13.83	27.26	42.34	123.0
116	867.84	122.01	3.67	13.83	27.26	42.34	123.0
117	867.84	122.01	3.67	13.83	27.26	42.34	123.0
118	947.95	138.46	45.78	11.09	61.1	83.94	141.0
119	347.14	51.41	43.27	3.82	6.2	16.85	64.0
120	1014.71	183.7	11.44	38.15	41.32	58.67	169.0
121	1228.33	178.22	1.5	28.85	58.31	79.68	162.0
122	1014.71	183.7	11.44	38.15	41.32	58.67	169.0
123	1014.71	183.7	11.44	38.15	41.32	58.67	169.0
124	1014.71	183.7	11.44	38.15	41.32	58.67	169.0
125	1014.71	183.7	11.44	38.15	41.32	58.67	169.0
126	1228.33	178.22	1.5	28.85	58.31	79.68	162.0
127	1014.71	183.7	11.44	38.15	41.32	58.67	169.0
128	1014.71	183.7	11.44	38.15	41.32	58.67	169.0
129	1228.33	178.22	1.5	28.85	58.31	79.68	162.0
130	1014.71	183.7	11.44	38.15	41.32	58.67	169.0
131	347.14	51.41	43.27	3.82	6.2	16.85	64.0
132	1014.71	183.7	11.44	38.15	41.32	58.67	169.0
133	1014.71	183.7	11.44	38.15	41.32	58.67	169.0
134	1014.71	183.7	11.44	38.15	41.32	58.67	169.0
135	514.03	85.0	64.37	18.36	12.73	23.96	102.0
136	1014.71	183.7	11.44	38.15	41.32	58.67	169.0
137	1014.71	183.7	11.44	38.15	41.32	58.67	169.0
138	440.6	28.79	87.26	1.73	22.46	38.09	130.0
139	1014.71	183.7	11.44	38.15	41.32	58.67	169.0
140	947.95	138.46	45.78	11.09	61.1	83.94	141.0
141	1014.71	183.7	11.44	38.15	41.32	58.67	169.0
142	1014.71	183.7	11.44	38.15	41.32	58.67	169.0
143	1014.71	183.7	11.44	38.15	41.32	58.67	169.0
144	1014.71	183.7	11.44	38.15	41.32	58.67	169.0
145	947.95	138.46	45.78	11.09	61.1	83.94	141.0
146	894.55	142.57	16.99	31.47	28.63	48.89	135.0
147	1014.71	183.7	11.44	38.15	41.32	58.67	169.0
148	947.95	138.46	45.78	11.09	61.1	83.94	141.0
149	947.95	138.46	45.78	11.09	61.1	83.94	141.0
150	894.55	142.57	16.99	31.47	28.63	48.89	135.0
151	894.55	142.57	16.99	31.47	28.63	48.89	135.0
152	894.55	142.57	16.99	31.47	28.63	48.89	135.0
153	947.95	138.46	45.78	11.09	61.1	83.94	141.0
154	867.84	122.01	3.67	13.83	27.26	42.34	123.0
155	867.84	122.01	3.67	13.83	27.26	42.34	123.0
156	867.84	122.01	3.67	13.83	27.26	42.34	123.0
157	1014.71	183.7	11.44	38.15	41.32	58.67	169.0
158	894.55	142.57	16.99	31.47	28.63	48.89	135.0
159	894.55	142.57	16.99	31.47	28.63	48.89	135.0
160	894.55	142.57	16.99	31.47	28.63	48.89	135.0
161	1014.71	183.7	11.44	38.15	41.32	58.67	169.0
162	1014.71	183.7	11.44	38.15	41.32	58.67	169.0
163	1014.71	183.7	11.44	38.15	41.32	58.67	169.0
164	1014.71	183.7	11.44	38.15	41.32	58.67	169.0
165	867.84	122.01	3.67	13.83	27.26	42.34	123.0
166	894.55	142.57	16.99	31.47	28.63	48.89	135.0
167	894.55	142.57	16.99	31.47	28.63	48.89	135.0
168	894.55	142.57	16.99	31.47	28.63	48.89	135.0
169	894.55	142.57	16.99	31.47	28.63	48.89	135.0
170	894.55	142.57	16.99	31.47	28.63	48.89	135.0
171	347.14	51.41	43.27	3.82	6.2	16.85	64.0
172	347.14	51.41	43.27	3.82	6.2	16.85	64.0
173	347.14	51.41	43.27	3.82	6.2	16.85	64.0
174	188.59	5.23	100.14	0.71	2.44	9.6	162.0
175	188.59	5.23	100.14	0.71	2.44	9.6	162.0
176	175.24	1.99	100.14	0.19	2.16	9.26	162.0
177	347.14	51.41	43.27	3.82	6.2	16.85	64.0
178	175.24	1.99	100.14	0.19	2.16	9.26	162.0
179	347.14	51.41	43.27	3.82	6.2	16.85	64.0
180	347.14	51.41	43.27	3.82	6.2	16.85	64.0
181	175.24	1.99	100.14	0.19	2.16	9.26	162.0
182	175.24	1.99	100.14	0.19	2.16	9.26	162.0
183	175.24	1.99	100.14	0.19	2.16	9.26	162.0
184	347.14	51.41	43.27	3.82	6.2	16.85	64.0
185	347.14	51.41	43.27	3.82	6.2	16.85	64.0
186	347.14	51.41	43.27	3.82	6.2	16.85	64.0
187	347.14	51.41	43.27	3.82	6.2	16.85	64.0
188	347.14	51.41	43.27	3.82	6.2	16.85	64.0
189	347.14	51.41	43.27	3.82	6.2	16.85	64.0
190	347.14	51.41	43.27	3.82	6.2	16.85	64.0
191	307.08	43.87	60.8	3.1	4.31	12.11	55.0
192	307.08	43.87	60.8	3.1	4.31	12.11	55.0
193	307.08	43.87	60.8	3.1	4.31	12.11	55.0
194	307.08	43.87	60.8	3.1	4.31	12.11	55.0
195	307.08	43.87	60.8	3.1	4.31	12.11	55.0
196	307.08	43.87	60.8	3.1	4.31	12.11	55.0
197	307.08	43.87	60.8	3.1	4.31	12.11	55.0
198	307.08	43.87	60.8	3.1	4.31	12.11	55.0
199	307.08	43.87	60.8	3.1	4.31	12.11	55.0
200	175.24	1.99	100.14	0.19	2.16	9.26	162.0
201	191.93	3.56	103.0	0.47	2.39	9.64	170.0
202	191.93	3.56	103.0	0.47	2.39	9.64	170.0
203	210.29	8.82	95.84	1.33	2.44	8.86	152.0
204	190.26	1.1	107.29	0.14	2.96	12.97	180.0
205	186.92	2.34	103.0	0.26	2.72	11.5	170.0
206	191.93	3.56	103.0	0.47	2.39	9.64	170.0
207	186.92	2.34	103.0	0.26	2.72	11.5	170.0
208	210.29	8.82	95.84	1.33	2.44	8.86	152.0
209	188.59	2.31	103.0	0.27	2.5	10.43	170.0
210	186.92	2.34	103.0	0.26	2.72	11.5	170.0
211	186.92	2.34	103.0	0.26	2.72	11.5	170.0
212	186.92	2.34	103.0	0.26	2.72	11.5	170.0
213	186.92	2.34	103.0	0.26	2.72	11.5	170.0
214	186.92	2.34	103.0	0.26	2.72	11.5	170.0
215	186.92	2.34	103.0	0.26	2.72	11.5	170.0
216	186.92	2.34	103.0	0.26	2.72	11.5	170.0
217	186.92	2.34	103.0	0.26	2.72	11.5	170.0
218	186.92	2.34	103.0	0.26	2.72	11.5	170.0
219	186.92	2.34	103.0	0.26	2.72	11.5	170.0
220	186.92	2.34	103.0	0.26	2.72	11.5	170.0
221	186.92	2.34	103.0	0.26	2.72	11.5	170.0
222	176.91	1.16	95.84	0.12	3.26	14.5	152.0
223	176.91	1.16	95.84	0.12	3.26	14.5	152.0
224	175.24	1.99	100.14	0.19	2.16	9.26	162.0
225	176.91	1.16	95.84	0.12	3.26	14.5	152.0
226	186.92	2.34	103.0	0.26	2.72	11.5	170.0
227	210.29	8.82	95.84	1.33	2.44	8.86	152.0
228	190.26	1.05	105.86	0.1	3.06	13.09	177.0
229	188.59	2.31	103.0	0.27	2.5	10.43	170.0
230	188.59	2.31	103.0	0.27	2.5	10.43	170.0
231	210.29	8.82	95.84	1.33	2.44	8.86	152.0
232	191.93	3.56	103.0	0.47	2.39	9.64	170.0
233	191.93	3.56	103.0	0.47	2.39	9.64	170.0
234	191.93	3.56	103.0	0.47	2.39	9.64	170.0
235	190.26	1.1	107.29	0.14	2.96	12.97	180.0
236	181.91	1.37	98.71	0.1	3.29	14.39	159.0
237	176.91	1.16	95.84	0.12	3.26	14.5	152.0
238	176.91	1.16	95.84	0.12	3.26	14.5	152.0
239	210.29	8.82	95.84	1.33	2.44	8.86	152.0
240	186.92	2.34	103.0	0.26	2.72	11.5	170.0
241	210.29	8.82	95.84	1.33	2.44	8.86	152.0
242	186.92	2.34	103.0	0.26	2.72	11.5	170.0
243	186.92	2.34	103.0	0.26	2.72	11.5	170.0
244	210.29	8.82	95.84	1.33	2.44	8.86	152.0
245	210.29	8.82	95.84	1.33	2.44	8.86	152.0
246	210.29	8.82	95.84	1.33	2.44	8.86	152.0
247	307.08	43.87	60.8	3.1	4.31	12.11	55.0
248	307.08	43.87	60.8	3.1	4.31	12.11	55.0
249	175.24	1.99	100.14	0.19	2.16	9.26	162.0
250	307.08	43.87	60.8	3.1	4.31	12.11	55.0
251	307.08	43.87	60.8	3.1	4.31	12.11	55.0
252	307.08	43.87	60.8	3.1	4.31	12.11	55.0
253	307.08	43.87	60.8	3.1	4.31	12.11	55.0
254	307.08	43.87	60.8	3.1	4.31	12.11	55.0
255	186.92	2.34	103.0	0.26	2.72	11.5	170.0
256	307.08	43.87	60.8	3.1	4.31	12.11	55.0
257	307.08	43.87	60.8	3.1	4.31	12.11	55.0
258	307.08	43.87	60.8	3.1	4.31	12.11	55.0
259	176.91	5.27	91.55	0.39	2.68	11.16	141.0
260	188.59	5.23	100.14	0.71	2.44	9.6	162.0
261	188.59	5.23	100.14	0.71	2.44	9.6	162.0
262	694.28	82.94	1.81	3.73	14.0	25.71	101.0
263	694.28	82.94	1.81	3.73	14.0	25.71	101.0
264	185.25	4.58	100.14	0.41	2.61	10.22	162.0
265	185.25	4.58	100.14	0.41	2.61	10.22	162.0
266	188.59	5.23	100.14	0.71	2.44	9.6	162.0
267	188.59	5.23	100.14	0.71	2.44	9.6	162.0
268	188.59	5.23	100.14	0.71	2.44	9.6	162.0
269	176.91	5.27	91.55	0.39	2.68	11.16	141.0
270	347.14	51.41	43.27	3.82	6.2	16.85	64.0
271	347.14	51.41	43.27	3.82	6.2	16.85	64.0
272	347.14	51.41	43.27	3.82	6.2	16.85	64.0
273	176.91	5.27	91.55	0.39	2.68	11.16	141.0
274	176.91	5.27	91.55	0.39	2.68	11.16	141.0
275	188.59	5.23	100.14	0.71	2.44	9.6	162.0
276	188.59	5.23	100.14	0.71	2.44	9.6	162.0
277	188.59	5.23	100.14	0.71	2.44	9.6	162.0
278	1228.33	178.22	1.5	28.85	58.31	79.68	162.0
279	188.59	5.23	100.14	0.71	2.44	9.6	162.0
280	1228.33	178.22	1.5	28.85	58.31	79.68	162.0
281	185.25	4.58	100.14	0.41	2.61	10.22	162.0
282	193.6	6.68	97.28	1.04	2.44	9.91	155.0
283	347.14	51.41	43.27	3.82	6.2	16.85	64.0
284	347.14	51.41	43.27	3.82	6.2	16.85	64.0
285	158.55	2.1	88.69	0.14	2.44	10.28	134.0
286	185.25	4.58	100.14	0.41	2.61	10.22	162.0
287	185.25	4.58	100.14	0.41	2.61	10.22	162.0
288	185.25	4.58	100.14	0.41	2.61	10.22	162.0
289	185.25	4.58	100.14	0.41	2.61	10.22	162.0
290	188.59	5.23	100.14	0.71	2.44	9.6	162.0
291	185.25	4.58	100.14	0.41	2.61	10.22	162.0
292	185.25	4.58	100.14	0.41	2.61	10.22	162.0
293	185.25	4.58	100.14	0.41	2.61	10.22	162.0
294	347.14	51.41	43.27	3.82	6.2	16.85	64.0
295	188.59	5.23	100.14	0.71	2.44	9.6	162.0
296	347.14	51.41	43.27	3.82	6.2	16.85	64.0
297	347.14	51.41	43.27	3.82	6.2	16.85	64.0
298	347.14	51.41	43.27	3.82	6.2	16.85	64.0
299	185.25	4.58	100.14	0.41	2.61	10.22	162.0
300	185.25	4.58	100.14	0.41	2.61	10.22	162.0
301	188.59	5.23	100.14	0.71	2.44	9.6	162.0
302	188.59	5.23	100.14	0.71	2.44	9.6	162.0
303	188.59	5.23	100.14	0.71	2.44	9.6	162.0
304	188.59	5.23	100.14	0.71	2.44	9.6	162.0
305	347.14	51.41	43.27	3.82	6.2	16.85	64.0
306	347.14	51.41	43.27	3.82	6.2	16.85	64.0
307	176.91	0.89	110.15	0.14	2.42	10.67	187.0
308	253.68	13.02	105.86	2.44	3.66	12.06	177.0
309	178.58	0.83	110.15	0.15	3.62	17.4	187.0
310	175.24	0.92	108.72	0.13	2.92	13.26	184.0
311	253.68	13.02	105.86	2.44	3.66	12.06	177.0
312	253.68	13.02	105.86	2.44	3.66	12.06	177.0
313	283.72	18.17	79.39	1.82	4.47	13.52	110.0
314	283.72	18.17	79.39	1.82	4.47	13.52	110.0
315	283.72	18.17	79.39	1.82	4.47	13.52	110.0
316	176.91	0.89	110.15	0.14	2.42	10.67	187.0
317	208.62	5.83	91.55	0.12	3.06	12.8	141.0
318	178.58	0.77	113.01	0.15	2.89	12.96	195.0
319	500.68	50.04	81.54	4.89	7.99	21.49	116.0
320	183.58	0.99	110.15	0.17	4.6	24.21	187.0
321	283.72	18.17	79.39	1.82	4.47	13.52	110.0
322	253.68	13.02	105.86	2.44	3.66	12.06	177.0
323	253.68	13.02	105.86	2.44	3.66	12.06	177.0
324	253.68	13.02	105.86	2.44	3.66	12.06	177.0
325	178.58	0.77	113.01	0.15	2.89	12.96	195.0
326	253.68	13.02	105.86	2.44	3.66	12.06	177.0
327	178.58	0.77	113.01	0.15	2.89	12.96	195.0
328	208.62	5.83	91.55	0.12	3.06	12.8	141.0
329	283.72	18.17	79.39	1.82	4.47	13.52	110.0
330	283.72	18.17	79.39	1.82	4.47	13.52	110.0
331	377.18	26.39	78.68	0.55	3.88	14.47	109.0
332	205.28	3.64	107.29	0.2	2.22	8.98	180.0
333	181.91	1.08	103.0	0.17	2.84	11.74	170.0
334	397.21	34.62	51.5	0.87	10.24	19.91	43.0
335	397.21	34.62	51.5	0.87	10.24	19.91	43.0
336	397.21	34.62	51.5	0.87	10.24	19.91	43.0
337	397.21	34.62	51.5	0.87	10.24	19.91	43.0
338	397.21	34.62	51.5	0.87	10.24	19.91	43.0
339	320.44	16.45	98.71	0.83	11.2	22.15	159.0
340	283.72	18.17	79.39	1.82	4.47	13.52	110.0
341	283.72	18.17	79.39	1.82	4.47	13.52	110.0
342	230.31	9.43	94.41	0.31	3.15	11.28	148.0
343	397.21	34.62	51.5	0.87	10.24	19.91	43.0
344	307.08	22.96	64.37	0.69	4.14	11.05	66.0
345	307.08	22.96	64.37	0.69	4.14	11.05	66.0
346	307.08	22.96	64.37	0.69	4.14	11.05	66.0
347	193.6	3.21	97.28	0.26	2.17	8.83	155.0
348	307.08	22.96	64.37	0.69	4.14	11.05	66.0
349	176.91	0.74	111.58	0.15	2.58	11.13	191.0
350	320.44	16.45	98.71	0.83	11.2	22.15	159.0
351	230.31	9.43	94.41	0.31	3.15	11.28	148.0
352	193.6	3.21	97.28	0.26	2.17	8.83	155.0
353	193.6	3.21	97.28	0.26	2.17	8.83	155.0
354	397.21	34.62	51.5	0.87	10.24	19.91	43.0
355	193.6	3.21	97.28	0.26	2.17	8.83	155.0
356	397.21	34.62	51.5	0.87	10.24	19.91	43.0
357	205.28	3.64	107.29	0.2	2.22	8.98	180.0
358	195.27	3.47	92.98	0.14	2.12	8.35	144.0
359	195.27	3.47	92.98	0.14	2.12	8.35	144.0
360	250.34	11.65	105.86	1.03	3.46	11.26	177.0
361	208.62	5.83	100.14	0.25	2.61	9.51	162.0
362	178.58	0.66	113.01	0.18	2.4	10.04	195.0
363	397.21	34.62	51.5	0.87	10.24	19.91	43.0
364	307.08	22.96	64.37	0.69	4.14	11.05	66.0
365	176.91	0.68	113.01	0.15	2.32	9.77	195.0
366	230.31	9.43	94.41	0.31	3.15	11.28	148.0
367	320.44	16.45	98.71	0.83	11.2	22.15	159.0
368	307.08	22.96	64.37	0.69	4.14	11.05	66.0
369	397.21	34.62	51.5	0.87	10.24	19.91	43.0
370	205.28	3.64	107.29	0.2	2.22	8.98	180.0
371	397.21	34.62	51.5	0.87	10.24	19.91	43.0
372	193.6	3.21	97.28	0.26	2.17	8.83	155.0
373	175.24	0.83	108.72	0.17	2.13	8.72	184.0
374	250.34	11.65	105.86	1.03	3.46	11.26	177.0
375	253.68	13.02	105.86	2.44	3.66	12.06	177.0
376	253.68	13.02	105.86	2.44	3.66	12.06	177.0
377	253.68	13.02	105.86	2.44	3.66	12.06	177.0
378	253.68	13.02	105.86	2.44	3.66	12.06	177.0
379	253.68	13.02	105.86	2.44	3.66	12.06	177.0
380	236.99	7.28	114.44	1.34	4.16	12.15	198.0
381	236.99	7.28	114.44	1.34	4.16	12.15	198.0
382	253.68	13.02	105.86	2.44	3.66	12.06	177.0
383	236.99	7.28	114.44	1.34	4.16	12.15	198.0
384	236.99	7.28	114.44	1.34	4.16	12.15	198.0
385	253.68	13.02	105.86	2.44	3.66	12.06	177.0
386	253.68	13.02	105.86	2.44	3.66	12.06	177.0
387	253.68	13.02	105.86	2.44	3.66	12.06	177.0
388	253.68	13.02	105.86	2.44	3.66	12.06	177.0
389	253.68	13.02	105.86	2.44	3.66	12.06	177.0
390	250.34	11.65	105.86	1.03	3.46	11.26	177.0
391	253.68	13.02	105.86	2.44	3.66	12.06	177.0
392	250.34	11.65	105.86	1.03	3.46	11.26	177.0
393	253.68	13.02	105.86	2.44	3.66	12.06	177.0
394	320.44	16.45	98.71	0.83	11.2	22.15	159.0
395	320.44	16.45	98.71	0.83	11.2	22.15	159.0
396	253.68	13.02	105.86	2.44	3.66	12.06	177.0
397	250.34	11.65	105.86	1.03	3.46	11.26	177.0
398	250.34	11.65	105.86	1.03	3.46	11.26	177.0
399	307.08	22.96	64.37	0.69	4.14	11.05	66.0
400	307.08	22.96	64.37	0.69	4.14	11.05	66.0
401	250.34	11.65	105.86	1.03	3.46	11.26	177.0
402	320.44	16.45	98.71	0.83	11.2	22.15	159.0
403	250.34	11.65	105.86	1.03	3.46	11.26	177.0
404	253.68	13.02	105.86	2.44	3.66	12.06	177.0
405	253.68	13.02	105.86	2.44	3.66	12.06	177.0
406	253.68	13.02	105.86	2.44	3.66	12.06	177.0
407	253.68	13.02	105.86	2.44	3.66	12.06	177.0
408	236.99	7.28	114.44	1.34	4.16	12.15	198.0
409	250.34	11.65	105.86	1.03	3.46	11.26	177.0
410	253.68	13.02	105.86	2.44	3.66	12.06	177.0
411	500.68	50.04	81.54	4.89	7.99	21.49	116.0
412	253.68	13.02	105.86	2.44	3.66	12.06	177.0
413	500.68	50.04	81.54	4.89	7.99	21.49	116.0
414	195.27	1.67	115.87	0.3	3.68	18.34	200.0
415	195.27	1.67	115.87	0.3	3.68	18.34	200.0
416	195.27	1.67	115.87	0.3	3.68	18.34	200.0
417	195.27	1.67	115.87	0.3	3.68	18.34	200.0
418	196.93	6.86	78.68	0.2	2.04	6.89	109.0
419	195.27	1.41	98.71	0.34	5.94	34.63	159.0
420	196.93	6.86	78.68	0.2	2.04	6.89	109.0
421	195.27	1.0	95.84	1.03	7.38	45.15	152.0
422	196.93	2.53	100.14	0.2	7.27	40.92	162.0
423	163.56	1.02	100.14	0.15	1.95	8.01	162.0
424	206.95	4.63	90.84	0.22	6.4	33.65	139.0
425	195.27	1.61	108.72	0.26	7.7	45.5	184.0
426	181.91	1.05	110.15	0.22	3.02	13.69	187.0
427	190.26	2.34	108.72	0.31	3.48	16.8	184.0
428	181.91	1.07	100.14	0.46	6.21	38.39	162.0
429	181.91	1.05	110.15	0.22	3.02	13.69	187.0
430	181.91	1.52	101.57	0.25	3.8	18.23	166.0
431	203.61	1.05	97.28	1.39	4.79	24.41	155.0
432	206.95	4.63	90.84	0.22	6.4	33.65	139.0
433	206.95	4.63	90.84	0.22	6.4	33.65	139.0
434	198.6	1.78	97.28	0.25	6.32	37.16	155.0
435	196.93	2.53	100.14	0.2	7.27	40.92	162.0
436	185.25	1.54	104.43	0.28	3.72	16.52	173.0
437	195.27	1.67	115.87	0.3	3.68	18.34	200.0
438	206.95	2.91	113.01	0.3	2.79	12.04	195.0
439	156.88	0.77	91.55	0.19	2.39	10.14	141.0
440	193.6	1.67	110.15	0.28	5.34	29.65	187.0
441	181.91	1.05	110.15	0.22	3.02	13.69	187.0
442	186.92	2.51	101.57	0.17	5.47	29.85	166.0
443	195.27	1.67	115.87	0.3	3.68	18.34	200.0
444	181.91	1.05	110.15	0.22	3.02	13.69	187.0
445	181.91	1.05	110.15	0.22	3.02	13.69	187.0
446	193.6	1.04	95.84	0.63	4.88	27.98	152.0
447	193.6	1.89	87.26	0.7	2.71	11.49	130.0
448	156.88	0.77	91.55	0.19	2.39	10.14	141.0
449	188.59	1.63	107.29	0.25	3.41	15.64	180.0
450	191.93	2.23	101.57	0.17	6.11	34.06	166.0
451	206.95	2.91	113.01	0.3	2.79	12.04	195.0
452	200.27	2.34	111.58	0.22	3.22	15.5	191.0
453	181.91	1.52	101.57	0.25	3.8	18.23	166.0
454	196.93	1.41	110.15	0.32	5.07	23.36	187.0
455	186.92	1.39	101.57	0.31	4.85	21.76	166.0
456	196.93	1.0	97.28	1.49	5.98	34.91	155.0
457	195.27	1.61	108.72	0.26	7.7	45.5	184.0
458	163.56	1.02	100.14	0.15	1.95	8.01	162.0
459	191.93	0.79	97.28	0.41	4.68	26.61	155.0
460	156.88	0.77	91.55	0.19	2.39	10.14	141.0
461	175.24	0.99	101.57	0.25	3.28	13.85	166.0
462	178.58	1.99	98.71	0.15	3.56	15.5	159.0
463	190.26	2.49	107.29	0.65	2.32	11.73	180.0
464	161.89	2.06	87.98	0.11	1.82	7.15	132.0
465	180.24	3.09	94.41	0.29	3.32	14.12	148.0
466	171.9	1.71	95.84	0.29	3.2	13.76	152.0
467	200.27	1.01	95.84	0.16	4.95	23.59	152.0
468	180.24	0.5	91.55	0.14	3.4	15.87	141.0
469	181.91	1.27	95.84	0.11	3.35	15.15	152.0
470	175.24	3.64	94.41	0.39	2.16	9.09	148.0
471	165.22	0.89	98.71	0.15	2.09	8.7	159.0
472	165.22	0.89	98.71	0.15	2.09	8.7	159.0
473	175.24	3.64	94.41	0.39	2.16	9.09	148.0
474	263.69	24.33	65.09	1.01	2.99	8.74	69.0
475	166.89	1.41	94.41	0.2	2.18	9.35	148.0
476	178.58	3.51	92.98	0.43	2.68	11.11	144.0
477	175.24	3.64	94.41	0.39	2.16	9.09	148.0
478	178.58	3.51	92.98	0.43	2.68	11.11	144.0
479	181.91	1.3	95.84	0.11	3.48	15.49	152.0
480	200.27	3.0	85.12	0.05	7.67	32.59	125.0
481	193.6	3.56	95.84	0.43	2.35	12.34	152.0
482	165.22	0.89	98.71	0.15	2.09	8.7	159.0
483	176.91	5.27	91.55	0.39	2.68	11.16	141.0
484	176.91	5.27	91.55	0.39	2.68	11.16	141.0
485	176.91	5.27	91.55	0.39	2.68	11.16	141.0
486	191.93	1.82	104.43	0.32	4.31	18.42	173.0
487	161.89	2.06	87.98	0.11	1.82	7.15	132.0
488	166.89	1.41	94.41	0.2	2.18	9.35	148.0
489	190.26	2.19	95.84	0.12	4.01	17.5	152.0
490	178.58	1.99	98.71	0.15	3.56	15.5	159.0
491	180.24	3.09	94.41	0.29	3.32	14.12	148.0
492	175.24	3.64	94.41	0.39	2.16	9.09	148.0
493	181.91	1.27	95.84	0.11	3.35	15.15	152.0
494	178.58	3.51	92.98	0.43	2.68	11.11	144.0
495	175.24	3.64	94.41	0.39	2.16	9.09	148.0
496	175.24	1.02	97.28	0.17	3.84	16.59	155.0
497	165.22	3.6	87.26	0.27	2.67	11.33	130.0
498	171.9	4.37	84.4	0.23	1.78	7.04	123.0
499	201.94	1.59	95.84	2.03	3.41	14.32	152.0
500	185.25	4.84	87.26	0.62	1.88	8.27	130.0
501	191.93	2.36	95.84	0.12	4.09	17.97	152.0
502	190.26	2.19	95.84	0.12	4.01	17.5	152.0
503	178.58	1.99	98.71	0.15	3.56	15.5	159.0
504	176.91	1.07	101.57	0.11	3.51	15.43	166.0
505	171.9	4.37	84.4	0.23	1.78	7.04	123.0
506	171.9	4.37	84.4	0.23	1.78	7.04	123.0
507	175.24	3.64	94.41	0.39	2.16	9.09	148.0
508	176.91	5.27	91.55	0.39	2.68	11.16	141.0
509	178.58	3.51	92.98	0.43	2.68	11.11	144.0
510	166.89	1.41	94.41	0.2	2.18	9.35	148.0
511	173.57	0.34	98.71	0.07	2.05	9.62	159.0
512	166.89	1.41	94.41	0.2	2.18	9.35	148.0
513	165.22	0.89	98.71	0.15	2.09	8.7	159.0
514	173.57	1.14	90.84	0.05	1.9	9.26	139.0
515	178.58	3.51	92.98	0.43	2.68	11.11	144.0
516	178.58	1.99	98.71	0.15	3.56	15.5	159.0
517	180.24	3.09	94.41	0.29	3.32	14.12	148.0
518	180.24	3.09	94.41	0.29	3.32	14.12	148.0
519	158.55	2.1	88.69	0.14	2.44	10.28	134.0
520	181.91	1.3	95.84	0.11	3.48	15.49	152.0
521	171.9	4.37	84.4	0.23	1.78	7.04	123.0
522	175.24	3.64	94.41	0.39	2.16	9.09	148.0
523	175.24	3.64	94.41	0.39	2.16	9.09	148.0
524	175.24	3.64	94.41	0.39	2.16	9.09	148.0
525	178.58	3.51	92.98	0.43	2.68	11.11	144.0
526	175.24	3.64	94.41	0.39	2.16	9.09	148.0
527	175.24	3.64	94.41	0.39	2.16	9.09	148.0
528	175.24	3.64	94.41	0.39	2.16	9.09	148.0
529	200.27	9.85	89.41	1.68	2.21	8.02	136.0
530	193.6	6.68	97.28	1.04	2.44	9.91	155.0
531	193.6	6.68	97.28	1.04	2.44	9.91	155.0
532	193.6	6.68	97.28	1.04	2.44	9.91	155.0
533	200.27	9.85	89.41	1.68	2.21	8.02	136.0
534	200.27	9.85	89.41	1.68	2.21	8.02	136.0
535	200.27	9.85	89.41	1.68	2.21	8.02	136.0
536	176.91	5.27	91.55	0.39	2.68	11.16	141.0
537	200.27	9.85	89.41	1.68	2.21	8.02	136.0
538	201.94	10.88	86.55	1.24	2.17	7.55	128.0
539	201.94	10.88	86.55	1.24	2.17	7.55	128.0
540	180.24	1.06	110.15	0.21	2.94	13.16	187.0
541	180.24	1.06	110.15	0.21	2.94	13.16	187.0
542	191.93	3.0	100.14	0.29	2.51	10.52	162.0
543	191.93	3.0	100.14	0.29	2.51	10.52	162.0
544	233.65	11.14	80.11	0.35	2.7	10.22	112.0
545	233.65	11.14	80.11	0.35	2.7	10.22	112.0
546	171.9	1.14	101.57	0.19	2.65	11.71	166.0
547	200.27	9.85	89.41	1.68	2.21	8.02	136.0
548	200.27	9.85	89.41	1.68	2.21	8.02	136.0
549	263.69	24.33	65.09	1.01	2.99	8.74	69.0
550	200.27	9.85	89.41	1.68	2.21	8.02	136.0
551	171.9	1.14	101.57	0.19	2.65	11.71	166.0
552	196.93	5.48	92.98	0.45	2.37	9.31	144.0
553	220.3	6.86	97.28	0.35	2.8	11.29	155.0
554	263.69	24.33	65.09	1.01	2.99	8.74	69.0
555	201.94	10.88	86.55	1.24	2.17	7.55	128.0
556	200.27	9.85	89.41	1.68	2.21	8.02	136.0
557	191.93	3.0	100.14	0.29	2.51	10.52	162.0
558	191.93	3.0	100.14	0.29	2.51	10.52	162.0
559	233.65	11.14	80.11	0.35	2.7	10.22	112.0
560	233.65	11.14	80.11	0.35	2.7	10.22	112.0
561	233.65	11.14	80.11	0.35	2.7	10.22	112.0
562	201.94	10.88	86.55	1.24	2.17	7.55	128.0
563	220.3	6.86	97.28	0.35	2.8	11.29	155.0
564	220.3	6.86	97.28	0.35	2.8	11.29	155.0
565	220.3	6.86	97.28	0.35	2.8	11.29	155.0
566	201.94	10.88	86.55	1.24	2.17	7.55	128.0
567	233.65	11.14	80.11	0.35	2.7	10.22	112.0
568	253.68	22.28	82.25	2.68	3.39	10.6	118.0
569	253.68	22.28	82.25	2.68	3.39	10.6	118.0
570	253.68	22.28	82.25	2.68	3.39	10.6	118.0
571	514.03	85.0	64.37	18.36	12.73	23.96	102.0
572	253.68	22.28	82.25	2.68	3.39	10.6	118.0
573	514.03	85.0	64.37	18.36	12.73	23.96	102.0
574	514.03	85.0	64.37	18.36	12.73	23.96	102.0
575	514.03	85.0	64.37	18.36	12.73	23.96	102.0
576	253.68	22.28	82.25	2.68	3.39	10.6	118.0
577	253.68	22.28	82.25	2.68	3.39	10.6	118.0
578	257.02	19.19	82.97	2.35	2.95	9.59	119.0
579	514.03	85.0	64.37	18.36	12.73	23.96	102.0
580	514.03	85.0	64.37	18.36	12.73	23.96	102.0
581	514.03	85.0	64.37	18.36	12.73	23.96	102.0
582	257.02	19.19	82.97	2.35	2.95	9.59	119.0
583	253.68	22.28	82.25	2.68	3.39	10.6	118.0
584	253.68	22.28	82.25	2.68	3.39	10.6	118.0
585	514.03	85.0	64.37	18.36	12.73	23.96	102.0
586	894.55	142.57	16.99	31.47	28.63	48.89	135.0
587	894.55	142.57	16.99	31.47	28.63	48.89	135.0
588	894.55	142.57	16.99	31.47	28.63	48.89	135.0
589	257.02	19.19	82.97	2.35	2.95	9.59	119.0
590	257.02	19.19	82.97	2.35	2.95	9.59	119.0
591	514.03	85.0	64.37	18.36	12.73	23.96	102.0
592	257.02	19.19	82.97	2.35	2.95	9.59	119.0
593	423.91	38.39	71.53	4.29	8.84	24.91	89.0
594	514.03	85.0	64.37	18.36	12.73	23.96	102.0
595	514.03	85.0	64.37	18.36	12.73	23.96	102.0
596	514.03	85.0	64.37	18.36	12.73	23.96	102.0
597	514.03	85.0	64.37	18.36	12.73	23.96	102.0
598	257.02	19.19	82.97	2.35	2.95	9.59	119.0
599	257.02	19.19	82.97	2.35	2.95	9.59	119.0
600	257.02	19.19	82.97	2.35	2.95	9.59	119.0
601	253.68	22.28	82.25	2.68	3.39	10.6	118.0
602	257.02	19.19	82.97	2.35	2.95	9.59	119.0
603	193.6	9.51	87.26	1.43	2.15	7.99	130.0
604	193.6	9.51	87.26	1.43	2.15	7.99	130.0
605	514.03	85.0	64.37	18.36	12.73	23.96	102.0
606	193.6	9.51	87.26	1.43	2.15	7.99	130.0
607	253.68	22.28	82.25	2.68	3.39	10.6	118.0
608	253.68	22.28	82.25	2.68	3.39	10.6	118.0
609	257.02	19.19	82.97	2.35	2.95	9.59	119.0
610	514.03	85.0	64.37	18.36	12.73	23.96	102.0
611	514.03	85.0	64.37	18.36	12.73	23.96	102.0
612	514.03	85.0	64.37	18.36	12.73	23.96	102.0
613	253.68	22.28	82.25	2.68	3.39	10.6	118.0
614	514.03	85.0	64.37	18.36	12.73	23.96	102.0
615	514.03	85.0	64.37	18.36	12.73	23.96	102.0
616	514.03	85.0	64.37	18.36	12.73	23.96	102.0
617	514.03	85.0	64.37	18.36	12.73	23.96	102.0
618	253.68	22.28	82.25	2.68	3.39	10.6	118.0
619	1228.33	178.22	1.5	28.85	58.31	79.68	162.0
620	1228.33	178.22	1.5	28.85	58.31	79.68	162.0
621	1228.33	178.22	1.5	28.85	58.31	79.68	162.0
622	1228.33	178.22	1.5	28.85	58.31	79.68	162.0
623	1228.33	178.22	1.5	28.85	58.31	79.68	162.0
624	694.28	82.94	1.81	3.73	14.0	25.71	101.0
625	694.28	82.94	1.81	3.73	14.0	25.71	101.0
626	1228.33	178.22	1.5	28.85	58.31	79.68	162.0
627	694.28	82.94	1.81	3.73	14.0	25.71	101.0
628	1228.33	178.22	1.5	28.85	58.31	79.68	162.0
629	1228.33	178.22	1.5	28.85	58.31	79.68	162.0
630	1228.33	178.22	1.5	28.85	58.31	79.68	162.0
631	1228.33	178.22	1.5	28.85	58.31	79.68	162.0
632	514.03	85.0	64.37	18.36	12.73	23.96	102.0
633	514.03	85.0	64.37	18.36	12.73	23.96	102.0
634	514.03	85.0	64.37	18.36	12.73	23.96	102.0
635	514.03	85.0	64.37	18.36	12.73	23.96	102.0
636	894.55	142.57	16.99	31.47	28.63	48.89	135.0
637	193.6	6.68	97.28	1.04	2.44	9.91	155.0
638	1228.33	178.22	1.5	28.85	58.31	79.68	162.0
639	1228.33	178.22	1.5	28.85	58.31	79.68	162.0
640	514.03	85.0	64.37	18.36	12.73	23.96	102.0
641	1228.33	178.22	1.5	28.85	58.31	79.68	162.0
642	514.03	85.0	64.37	18.36	12.73	23.96	102.0
643	253.68	22.28	82.25	2.68	3.39	10.6	118.0
644	1228.33	178.22	1.5	28.85	58.31	79.68	162.0
645	193.6	6.68	97.28	1.04	2.44	9.91	155.0
646	694.28	82.94	1.81	3.73	14.0	25.71	101.0
647	193.6	6.68	97.28	1.04	2.44	9.91	155.0
648	694.28	82.94	1.81	3.73	14.0	25.71	101.0
649	193.6	9.51	87.26	1.43	2.15	7.99	130.0
650	694.28	82.94	1.81	3.73	14.0	25.71	101.0
651	694.28	82.94	1.81	3.73	14.0	25.71	101.0
652	223.64	7.71	73.67	0.11	3.2	11.94	95.0
653	223.64	7.71	73.67	0.11	3.2	11.94	95.0
654	211.95	4.63	85.83	0.08	3.07	11.84	127.0
655	211.95	4.63	85.83	0.08	3.07	11.84	127.0
656	190.26	1.05	105.86	0.1	3.06	13.09	177.0
657	175.24	2.29	48.64	0.06	7.37	17.35	41.0
658	190.26	1.05	105.86	0.1	3.06	13.09	177.0
659	190.26	1.05	105.86	0.1	3.06	13.09	177.0
660	178.58	4.11	88.69	0.05	3.78	12.71	134.0
661	178.58	4.11	88.69	0.05	3.78	12.71	134.0
662	211.95	4.63	85.83	0.08	3.07	11.84	127.0
663	211.95	5.1	101.57	0.51	2.94	11.23	166.0
664	216.96	5.48	105.86	0.72	3.12	10.61	177.0
665	211.95	4.63	85.83	0.08	3.07	11.84	127.0
666	181.91	1.37	98.71	0.1	3.29	14.39	159.0
667	211.95	5.1	101.57	0.51	2.94	11.23	166.0
668	211.95	5.1	101.57	0.51	2.94	11.23	166.0
669	216.96	5.48	105.86	0.72	3.12	10.61	177.0
670	211.95	4.63	85.83	0.08	3.07	11.84	127.0
671	190.26	1.1	107.29	0.14	2.96	12.97	180.0
672	190.26	1.1	107.29	0.14	2.96	12.97	180.0
673	190.26	1.1	107.29	0.14	2.96	12.97	180.0
674	211.95	4.63	85.83	0.08	3.07	11.84	127.0
675	175.24	2.29	48.64	0.06	7.37	17.35	41.0
676	200.27	3.38	67.95	0.25	7.03	10.8	77.0
677	200.27	3.38	67.95	0.25	7.03	10.8	77.0
678	200.27	3.38	67.95	0.25	7.03	10.8	77.0
679	200.27	3.38	67.95	0.25	7.03	10.8	77.0
680	200.27	3.38	67.95	0.25	7.03	10.8	77.0
681	200.27	3.38	67.95	0.25	7.03	10.8	77.0
682	250.34	5.23	83.69	0.66	9.81	14.11	121.0
683	250.34	5.23	83.69	0.66	9.81	14.11	121.0
684	357.15	9.94	70.81	0.42	27.19	31.61	86.0
685	500.68	15.08	75.1	1.24	61.38	65.6	141.0
686	210.29	3.73	91.55	0.3	4.39	18.08	141.0
687	333.79	9.68	103.0	0.63	27.17	35.69	170.0
688	190.26	1.33	90.12	0.16	8.55	31.44	137.0
689	313.76	7.37	58.65	0.3	26.62	30.55	72.0
690	205.28	3.51	68.67	0.12	3.67	4.24	80.0
691	201.94	2.51	74.39	0.07	5.71	6.08	98.0
692	317.1	7.97	97.28	0.57	20.94	30.81	155.0
693	427.25	15.25	78.68	1.21	55.78	58.49	130.0
694	307.08	12.0	50.07	0.19	15.29	17.74	49.0
695	300.41	13.2	60.8	0.25	13.23	15.82	55.0
696	310.42	17.65	46.49	0.22	18.16	20.73	55.0
697	387.19	33.59	59.37	3.7	10.83	28.92	51.0
698	307.08	14.4	84.4	0.73	14.45	18.38	123.0
699	191.93	1.32	101.57	0.1	3.23	13.32	166.0
700	440.6	33.24	67.23	0.83	41.69	44.75	102.0
701	270.37	14.74	81.54	0.62	12.16	24.29	116.0
702	191.93	1.32	101.57	0.1	3.23	13.32	166.0
703	185.25	3.0	70.1	0.07	3.09	9.29	84.0
704	500.68	15.08	75.1	1.24	61.38	65.6	141.0
705	350.48	7.63	56.51	0.52	35.81	41.77	90.0
706	440.6	33.24	67.23	0.83	41.69	44.75	102.0
707	175.24	3.34	52.93	0.03	4.45	14.75	44.0
708	393.87	13.37	60.08	0.5	40.68	45.63	100.0
709	175.24	3.34	52.93	0.03	4.45	14.75	44.0
710	387.19	33.59	59.37	3.7	10.83	28.92	51.0
711	527.38	22.96	89.41	1.57	63.61	69.92	146.0
712	196.93	1.61	105.86	0.12	3.74	16.72	177.0
713	236.99	8.23	35.05	0.02	6.76	7.59	29.0
714	390.53	7.2	64.37	0.63	43.71	48.54	106.0
715	307.08	14.4	84.4	0.73	14.45	18.38	123.0
716	290.39	4.84	95.84	0.81	19.88	31.08	152.0
717	307.08	12.0	50.07	0.19	15.29	17.74	49.0
718	247.0	9.77	72.24	0.48	12.83	24.1	91.0
719	270.37	14.74	81.54	0.62	12.16	24.29	116.0
720	206.95	4.67	79.39	0.11	8.19	21.15	110.0
721	163.56	0.68	83.69	0.05	5.08	18.18	121.0
722	310.42	17.65	46.49	0.22	18.16	20.73	55.0
723	297.07	8.05	89.41	0.84	14.01	17.88	136.0
724	297.07	8.05	89.41	0.84	14.01	17.88	136.0
725	205.28	3.51	68.67	0.12	3.67	4.24	80.0
726	300.41	13.2	60.8	0.25	13.23	15.82	55.0
727	166.89	3.3	77.25	0.02	1.84	2.21	105.0
728	320.44	9.6	60.8	0.37	17.3	22.53	55.0
729	201.94	2.51	74.39	0.07	5.71	6.08	98.0
730	393.87	13.37	60.08	0.5	40.68	45.63	100.0
731	297.07	8.05	89.41	0.84	14.01	17.88	136.0
732	270.37	14.74	81.54	0.62	12.16	24.29	116.0
733	300.41	13.2	60.8	0.25	13.23	15.82	55.0
734	236.99	8.23	35.05	0.02	6.76	7.59	29.0
735	447.27	31.53	48.64	0.78	34.42	37.32	88.0
736	440.6	33.24	67.23	0.83	41.69	44.75	102.0
737	327.11	11.65	51.5	0.6	18.16	28.66	55.0
738	440.6	33.24	67.23	0.83	41.69	44.75	102.0
739	310.42	5.66	70.1	0.34	20.49	25.02	84.0
740	165.22	1.59	65.8	0.03	4.31	14.86	71.0
741	175.24	3.34	52.93	0.03	4.45	14.75	44.0
742	307.08	14.91	32.19	0.13	16.22	17.79	51.0
743	287.06	12.0	58.65	0.34	11.05	12.84	49.0
744	440.6	33.24	67.23	0.83	41.69	44.75	102.0
745	440.6	33.24	67.23	0.83	41.69	44.75	102.0
746	383.85	25.71	52.21	3.82	15.12	30.99	49.0
747	383.85	25.71	52.21	3.82	15.12	30.99	49.0
748	387.19	33.59	59.37	3.7	10.83	28.92	51.0
749	387.19	33.59	59.37	3.7	10.83	28.92	51.0
750	387.19	33.59	59.37	3.7	10.83	28.92	51.0
751	307.08	13.2	56.51	0.48	12.26	18.66	47.0
752	383.85	25.71	52.21	3.82	15.12	30.99	49.0
753	383.85	25.71	52.21	3.82	15.12	30.99	49.0
754	383.85	25.71	52.21	3.82	15.12	30.99	49.0
755	383.85	25.71	52.21	3.82	15.12	30.99	49.0
756	383.85	25.71	52.21	3.82	15.12	30.99	49.0
757	323.77	9.0	80.11	0.49	21.96	25.52	112.0
758	310.42	3.98	85.83	0.55	27.99	29.84	127.0
759	323.77	9.0	80.11	0.49	21.96	25.52	112.0
760	317.1	16.79	62.23	0.42	17.6	25.1	60.0
761	327.11	14.4	70.81	0.37	16.61	20.0	86.0
762	333.79	15.59	43.63	0.19	19.2	26.5	57.0
763	290.39	4.84	87.26	0.43	16.82	19.38	130.0
764	337.12	14.05	82.25	0.4	20.59	28.04	118.0
765	287.06	8.31	79.39	0.49	13.44	16.41	110.0
766	307.08	3.81	92.98	0.34	24.67	25.92	144.0
767	287.06	10.37	62.94	0.29	14.71	17.53	62.0
768	307.08	6.94	58.65	0.12	24.95	27.25	69.0
769	317.1	18.17	50.07	0.43	12.2	20.76	42.0
770	290.39	4.84	87.26	0.43	16.82	19.38	130.0
771	287.06	10.37	62.94	0.29	14.71	17.53	62.0
772	263.69	6.34	77.96	0.43	14.75	17.58	107.0
773	263.69	6.34	77.96	0.43	14.75	17.58	107.0
774	300.41	10.11	78.68	0.48	13.83	17.01	109.0
775	287.06	8.31	79.39	0.49	13.44	16.41	110.0
776	310.42	3.98	85.83	0.55	27.99	29.84	127.0
777	327.11	14.4	70.81	0.37	16.61	20.0	86.0
778	290.39	4.84	87.26	0.43	16.82	19.38	130.0
779	233.65	5.23	98.71	0.36	10.21	18.12	159.0
780	290.39	4.84	87.26	0.43	16.82	19.38	130.0
781	337.12	14.05	82.25	0.4	20.59	28.04	118.0
782	208.62	2.23	70.81	0.29	10.66	19.04	86.0
783	253.68	2.51	56.51	0.19	17.62	19.1	54.0
784	243.66	13.37	69.38	0.32	8.66	19.15	82.0
785	287.06	10.37	62.94	0.29	14.71	17.53	62.0
786	287.06	10.37	62.94	0.29	14.71	17.53	62.0
787	287.06	10.37	62.94	0.29	14.71	17.53	62.0
788	287.06	8.31	79.39	0.49	13.44	16.41	110.0
789	220.3	2.68	95.84	0.43	11.76	20.23	152.0
790	287.06	8.31	79.39	0.49	13.44	16.41	110.0
791	333.79	15.59	43.63	0.19	19.2	26.5	57.0
792	183.58	3.09	85.12	0.15	4.45	22.65	125.0
793	191.93	2.42	90.12	0.12	3.42	18.12	137.0
794	190.26	1.84	104.43	0.24	3.53	15.36	173.0
795	166.89	0.41	80.11	0.02	7.08	12.23	112.0
796	183.58	1.76	67.95	0.01	3.47	5.82	77.0
797	156.88	1.21	77.96	0.03	1.32	1.72	107.0
798	185.25	1.52	92.98	0.09	2.69	14.0	144.0
799	155.21	5.83	72.24	0.04	2.32	2.36	91.0
800	183.58	0.81	94.41	0.18	6.7	26.58	148.0
801	176.91	0.69	98.71	0.28	4.58	22.32	159.0
802	170.23	0.54	90.12	0.04	6.64	23.19	137.0
803	183.58	1.71	94.41	0.1	3.03	15.52	148.0
804	183.58	1.71	94.41	0.1	3.03	15.52	148.0
805	161.89	0.31	83.69	0.03	2.15	3.1	121.0
806	186.92	1.48	85.12	0.13	8.19	31.62	125.0
807	180.24	1.65	87.98	0.18	3.46	17.71	132.0
808	136.85	1.39	60.8	0.02	0.67	0.7	55.0
809	170.23	2.57	71.53	0.03	4.14	16.76	89.0
810	223.64	5.91	83.69	0.22	7.28	27.44	121.0
811	175.24	1.16	95.84	0.11	3.26	15.55	152.0
812	186.92	2.34	92.98	0.11	4.12	19.85	144.0
813	178.58	1.02	94.41	0.11	4.17	20.06	148.0
814	186.92	1.63	98.71	0.11	3.9	19.13	159.0
815	148.54	2.46	61.51	0.02	1.25	1.29	57.0
816	181.91	1.04	103.0	0.11	3.5	15.42	170.0
817	176.91	1.07	101.57	0.11	3.51	15.43	166.0
818	148.54	0.52	71.53	0.02	0.5	1.11	89.0
819	141.86	1.37	76.53	0.04	0.87	0.94	103.0
820	165.22	0.48	92.98	0.04	3.51	13.3	144.0
821	190.26	1.84	104.43	0.24	3.53	15.36	173.0
822	186.92	1.63	98.71	0.11	3.9	19.13	159.0
823	190.26	1.84	104.43	0.24	3.53	15.36	173.0
824	181.91	1.04	103.0	0.11	3.5	15.42	170.0
825	180.24	1.65	87.98	0.18	3.46	17.71	132.0
826	216.96	2.44	84.4	0.32	11.01	45.23	123.0
827	180.24	1.65	87.98	0.18	3.46	17.71	132.0
828	180.24	1.46	92.98	0.11	3.41	17.33	144.0
829	181.91	1.37	95.84	0.18	4.68	21.04	152.0
830	176.91	2.25	86.55	0.27	3.38	15.4	128.0
831	158.55	2.1	88.69	0.14	2.44	10.28	134.0
832	178.58	1.02	94.41	0.11	4.17	20.06	148.0
833	176.91	2.25	86.55	0.27	3.38	15.4	128.0
834	200.27	5.06	57.22	0.06	2.01	2.45	48.0
835	243.66	6.08	64.37	0.05	5.74	6.38	66.0
836	226.97	6.34	48.64	0.07	7.66	9.21	41.0
837	267.03	10.71	85.83	0.05	3.7	4.14	127.0
838	185.25	3.68	70.81	0.02	1.68	1.82	86.0
839	487.33	25.36	48.64	1.27	40.98	44.59	101.0
840	363.83	7.37	60.8	0.57	33.81	40.27	86.0
841	423.91	9.51	83.69	1.03	57.93	64.2	135.0
842	377.18	16.79	67.95	1.4	31.65	34.19	82.0
843	307.08	11.14	101.57	1.94	21.25	27.16	166.0
844	307.08	11.14	101.57	1.94	21.25	27.16	166.0
845	240.33	4.37	72.24	0.15	6.48	7.26	91.0
846	407.22	20.91	55.08	0.41	25.36	28.38	69.0
847	360.49	14.4	97.28	2.92	21.64	28.1	155.0
848	407.22	20.91	55.08	0.41	25.36	28.38	69.0
849	307.08	11.14	101.57	1.94	21.25	27.16	166.0
850	453.95	15.94	62.23	0.63	59.81	64.33	138.0
851	226.97	6.34	48.64	0.07	7.66	9.21	41.0
852	383.85	6.34	94.41	1.28	42.79	47.91	148.0
853	200.27	5.06	57.22	0.06	2.01	2.45	48.0
854	350.48	7.63	56.51	0.52	35.81	41.77	90.0
855	1201.63	141.2	2.75	9.42	84.4	90.96	161.0
856	273.71	6.0	60.08	0.21	15.58	17.18	53.0
857	400.54	5.83	66.52	0.63	39.93	45.66	99.0
858	200.27	8.14	42.92	0.02	3.05	3.7	36.0
859	440.6	8.31	63.66	0.72	48.38	53.11	115.0
860	453.95	23.99	62.23	1.04	35.62	41.52	90.0
861	200.27	8.14	42.92	0.02	3.05	3.7	36.0
862	145.2	0.8	58.65	0.03	0.67	0.81	49.0
863	383.85	9.77	86.55	1.86	55.85	57.89	130.0
864	480.65	38.04	68.67	2.3	41.98	46.75	103.0
865	487.33	25.36	48.64	1.27	40.98	44.59	101.0
866	357.15	16.62	49.35	0.81	28.0	30.22	75.0
867	367.17	5.01	83.69	0.92	37.81	42.0	121.0
868	226.97	6.34	48.64	0.07	7.66	9.21	41.0
869	267.03	10.71	85.83	0.05	3.7	4.14	127.0
870	240.33	4.37	72.24	0.15	6.48	7.26	91.0
871	273.71	6.0	60.08	0.21	15.58	17.18	53.0
872	243.66	5.27	70.81	0.16	13.32	16.5	86.0
873	407.22	20.91	55.08	0.41	25.36	28.38	69.0
874	360.49	14.4	97.28	2.92	21.64	28.1	155.0
875	480.65	38.04	68.67	2.3	41.98	46.75	103.0
876	277.04	6.0	58.65	0.5	14.12	18.36	49.0
877	580.79	52.78	66.52	2.83	68.07	74.18	151.0
878	250.34	5.74	50.07	0.17	13.97	15.4	45.0
879	360.49	14.4	97.28	2.92	21.64	28.1	155.0
880	423.91	9.51	83.69	1.03	57.93	64.2	135.0
881	360.49	14.4	97.28	2.92	21.64	28.1	155.0
882	440.6	8.31	63.66	0.72	48.38	53.11	115.0
883	527.38	22.96	89.41	1.57	63.61	69.92	146.0
884	216.96	9.17	54.36	0.03	1.92	2.15	46.0
885	514.03	20.91	49.35	0.8	66.78	70.97	150.0
886	407.22	20.91	55.08	0.41	25.36	28.38	69.0
887	257.02	7.03	50.07	0.05	7.04	8.97	42.0
888	433.92	12.68	54.36	0.66	43.69	48.68	106.0
889	267.03	10.71	85.83	0.05	3.7	4.14	127.0
890	453.95	23.99	62.23	1.04	35.62	41.52	90.0
891	226.97	6.34	48.64	0.07	7.66	9.21	41.0
892	1201.63	141.2	2.75	9.42	84.4	90.96	161.0
893	1201.63	141.2	2.75	9.42	84.4	90.96	161.0
894	1201.63	141.2	2.75	9.42	84.4	90.96	161.0
895	580.79	52.78	66.52	2.83	68.07	74.18	151.0
896	580.79	52.78	66.52	2.83	68.07	74.18	151.0
897	580.79	52.78	66.52	2.83	68.07	74.18	151.0
898	307.08	11.14	101.57	1.94	21.25	27.16	166.0
899	480.65	38.04	68.67	2.3	41.98	46.75	103.0
900	307.08	11.14	101.57	1.94	21.25	27.16	166.0
901	1201.63	141.2	2.75	9.42	84.4	90.96	161.0
902	580.79	52.78	66.52	2.83	68.07	74.18	151.0
903	580.79	52.78	66.52	2.83	68.07	74.18	151.0
904	1201.63	141.2	2.75	9.42	84.4	90.96	161.0
905	1201.63	141.2	2.75	9.42	84.4	90.96	161.0
906	1201.63	141.2	2.75	9.42	84.4	90.96	161.0
907	580.79	52.78	66.52	2.83	68.07	74.18	151.0
908	307.08	11.14	101.57	1.94	21.25	27.16	166.0
909	383.85	17.82	84.4	1.19	21.81	25.63	123.0
910	383.85	17.82	84.4	1.19	21.81	25.63	123.0
911	383.85	17.82	84.4	1.19	21.81	25.63	123.0
912	383.85	17.82	84.4	1.19	21.81	25.63	123.0
913	383.85	17.82	84.4	1.19	21.81	25.63	123.0
914	206.95	2.96	72.24	0.17	5.17	6.51	91.0
915	310.42	6.43	81.54	0.5	21.04	23.04	116.0
916	310.42	6.43	81.54	0.5	21.04	23.04	116.0
917	350.48	16.45	54.36	0.35	14.69	17.04	47.0
918	343.8	21.94	47.21	0.92	11.48	13.59	40.0
919	343.8	21.94	47.21	0.92	11.48	13.59	40.0
920	283.72	10.8	55.08	0.25	12.29	14.36	46.0
921	307.08	6.86	55.08	0.22	17.55	20.1	54.0
922	277.04	8.14	77.96	0.37	13.17	18.12	107.0
923	307.08	6.86	55.08	0.22	17.55	20.1	54.0
924	383.85	17.82	84.4	1.19	21.81	25.63	123.0
925	310.42	6.43	81.54	0.5	21.04	23.04	116.0
926	310.42	6.43	81.54	0.5	21.04	23.04	116.0
927	340.46	7.28	105.86	1.51	19.94	21.87	177.0
928	310.42	6.43	81.54	0.5	21.04	23.04	116.0
929	307.08	10.88	51.5	0.25	17.15	21.51	53.0
930	383.85	17.82	84.4	1.19	21.81	25.63	123.0
931	300.41	13.02	80.11	0.29	10.37	11.95	112.0
932	383.85	17.82	84.4	1.19	21.81	25.63	123.0
933	774.38	90.48	2.44	8.35	48.2	62.55	115.0
934	594.14	76.77	32.9	8.94	34.43	40.56	95.0
935	774.38	90.48	2.44	8.35	48.2	62.55	115.0
936	594.14	76.77	32.9	8.94	34.43	40.56	95.0
937	594.14	76.77	32.9	8.94	34.43	40.56	95.0
938	814.44	95.96	4.83	7.75	57.02	69.39	133.0
939	534.06	42.5	30.04	2.38	35.85	43.27	90.0
940	534.06	42.5	30.04	2.38	35.85	43.27	90.0
941	934.6	100.08	2.5	9.89	54.91	63.17	129.0
942	934.6	100.08	2.5	9.89	54.91	63.17	129.0
943	640.87	79.51	9.92	11.56	44.21	54.49	107.0
944	774.38	90.48	2.44	8.35	48.2	62.55	115.0
945	534.06	42.5	30.04	2.38	35.85	43.27	90.0
946	594.14	76.77	32.9	8.94	34.43	40.56	95.0
947	814.44	95.96	4.83	7.75	57.02	69.39	133.0
948	814.44	95.96	4.83	7.75	57.02	69.39	133.0
949	934.6	100.08	2.5	9.89	54.91	63.17	129.0
950	934.6	100.08	2.5	9.89	54.91	63.17	129.0
951	640.87	79.51	9.92	11.56	44.21	54.49	107.0
952	594.14	76.77	32.9	8.94	34.43	40.56	95.0
953	534.06	42.5	30.04	2.38	35.85	43.27	90.0
954	774.38	90.48	2.44	8.35	48.2	62.55	115.0
955	774.38	90.48	2.44	8.35	48.2	62.55	115.0
956	774.38	90.48	2.44	8.35	48.2	62.55	115.0
957	774.38	90.48	2.44	8.35	48.2	62.55	115.0
958	594.14	76.77	32.9	8.94	34.43	40.56	95.0
959	774.38	90.48	2.44	8.35	48.2	62.55	115.0
960	534.06	42.5	30.04	2.38	35.85	43.27	90.0
961	594.14	76.77	32.9	8.94	34.43	40.56	95.0
962	934.6	100.08	2.5	9.89	54.91	63.17	129.0
963	934.6	100.08	2.5	9.89	54.91	63.17	129.0
964	934.6	100.08	2.5	9.89	54.91	63.17	129.0
965	934.6	100.08	2.5	9.89	54.91	63.17	129.0
966	594.14	76.77	32.9	8.94	34.43	40.56	95.0
967	594.14	76.77	32.9	8.94	34.43	40.56	95.0
968	594.14	76.77	32.9	8.94	34.43	40.56	95.0
969	614.17	87.74	11.36	6.68	34.33	42.56	104.0
970	614.17	87.74	11.36	6.68	34.33	42.56	104.0
971	594.14	76.77	32.9	8.94	34.43	40.56	95.0
972	594.14	76.77	32.9	8.94	34.43	40.56	95.0
973	594.14	76.77	32.9	8.94	34.43	40.56	95.0
974	594.14	76.77	32.9	8.94	34.43	40.56	95.0
975	594.14	76.77	32.9	8.94	34.43	40.56	95.0
976	594.14	76.77	32.9	8.94	34.43	40.56	95.0
977	594.14	76.77	32.9	8.94	34.43	40.56	95.0
978	594.14	76.77	32.9	8.94	34.43	40.56	95.0
979	594.14	76.77	32.9	8.94	34.43	40.56	95.0
980	594.14	76.77	32.9	8.94	34.43	40.56	95.0
981	594.14	76.77	32.9	8.94	34.43	40.56	95.0
982	594.14	76.77	32.9	8.94	34.43	40.56	95.0
983	594.14	76.77	32.9	8.94	34.43	40.56	95.0
984	614.17	87.74	11.36	6.68	34.33	42.56	104.0
985	594.14	76.77	32.9	8.94	34.43	40.56	95.0
986	614.17	87.74	11.36	6.68	34.33	42.56	104.0
987	377.18	33.24	65.8	10.25	18.37	21.06	71.0
988	383.85	35.64	62.94	9.89	19.06	22.12	62.0
989	594.14	76.77	32.9	8.94	34.43	40.56	95.0
990	594.14	76.77	32.9	8.94	34.43	40.56	95.0
991	377.18	33.24	65.8	10.25	18.37	21.06	71.0
992	594.14	76.77	32.9	8.94	34.43	40.56	95.0
993	614.17	87.74	11.36	6.68	34.33	42.56	104.0
994	640.87	79.51	9.92	11.56	44.21	54.49	107.0
995	640.87	79.51	9.92	11.56	44.21	54.49	107.0
996	640.87	79.51	9.92	11.56	44.21	54.49	107.0
997	640.87	79.51	9.92	11.56	44.21	54.49	107.0
998	640.87	79.51	9.92	11.56	44.21	54.49	107.0
999	774.38	90.48	2.44	8.35	48.2	62.55	115.0
1000	774.38	90.48	2.44	8.35	48.2	62.55	115.0
1001	774.38	90.48	2.44	8.35	48.2	62.55	115.0
1002	774.38	90.48	2.44	8.35	48.2	62.55	115.0
1003	614.17	87.74	11.36	6.68	34.33	42.56	104.0
1004	614.17	87.74	11.36	6.68	34.33	42.56	104.0
1005	293.73	12.51	80.11	1.43	9.34	11.99	112.0
1006	370.5	21.94	49.35	1.46	15.56	18.83	50.0
1007	383.85	30.16	52.93	2.35	18.36	21.15	55.0
1008	367.17	28.79	63.66	6.97	18.28	21.02	64.0
1009	203.61	3.73	70.81	0.07	2.68	5.17	86.0
1010	383.85	30.16	52.93	2.35	18.36	21.15	55.0
1011	313.76	14.57	85.12	1.58	11.44	13.43	125.0
1012	387.19	19.19	47.92	2.03	23.89	26.97	66.0
1013	363.83	17.99	72.96	1.88	18.33	20.51	93.0
1014	370.5	21.94	49.35	1.46	15.56	18.83	50.0
1015	370.5	21.94	49.35	1.46	15.56	18.83	50.0
1016	203.61	3.73	70.81	0.07	2.68	5.17	86.0
1017	367.17	28.79	63.66	6.97	18.28	21.02	64.0
1018	383.85	30.16	52.93	2.35	18.36	21.15	55.0
1019	367.17	28.79	63.66	6.97	18.28	21.02	64.0
1020	367.17	28.79	63.66	6.97	18.28	21.02	64.0
1021	367.17	28.79	63.66	6.97	18.28	21.02	64.0
1022	383.85	30.16	52.93	2.35	18.36	21.15	55.0
1023	367.17	28.79	63.66	6.97	18.28	21.02	64.0
1024	293.73	12.51	80.11	1.43	9.34	11.99	112.0
1025	383.85	30.16	52.93	2.35	18.36	21.15	55.0
1026	383.85	30.16	52.93	2.35	18.36	21.15	55.0
1027	383.85	35.64	62.94	9.89	19.06	22.12	62.0
1028	370.5	21.94	49.35	1.46	15.56	18.83	50.0
1029	253.68	13.37	54.36	0.39	5.09	10.74	46.0
1030	253.68	13.37	54.36	0.39	5.09	10.74	46.0
1031	363.83	26.73	35.76	0.95	9.33	14.79	33.0
1032	674.25	80.2	4.2	12.99	52.22	59.24	123.0
1033	674.25	80.2	4.2	12.99	52.22	59.24	123.0
1034	674.25	80.2	4.2	12.99	52.22	59.24	123.0
1035	520.71	63.75	20.56	5.54	31.88	38.13	82.0
1036	520.71	63.75	20.56	5.54	31.88	38.13	82.0
1037	520.71	63.75	20.56	5.54	31.88	38.13	82.0
1038	520.71	63.75	20.56	5.54	31.88	38.13	82.0
1039	520.71	63.75	20.56	5.54	31.88	38.13	82.0
1040	293.73	12.51	80.11	1.43	9.34	11.99	112.0
1041	370.5	21.94	49.35	1.46	15.56	18.83	50.0
1042	367.17	28.79	63.66	6.97	18.28	21.02	64.0
1043	460.63	52.09	17.88	11.21	39.35	45.52	97.0
1044	460.63	52.09	17.88	11.21	39.35	45.52	97.0
1045	520.71	63.75	20.56	5.54	31.88	38.13	82.0
1046	367.17	28.79	63.66	6.97	18.28	21.02	64.0
1047	640.87	79.51	9.92	11.56	44.21	54.49	107.0
1048	367.17	28.79	63.66	6.97	18.28	21.02	64.0
1049	200.27	4.03	65.8	0.06	3.25	6.25	71.0
1050	240.33	8.57	63.66	0.17	4.63	9.2	64.0
1051	640.87	79.51	9.92	11.56	44.21	54.49	107.0
1052	370.5	21.94	49.35	1.46	15.56	18.83	50.0
1053	367.17	28.79	63.66	6.97	18.28	21.02	64.0
1054	383.85	35.64	62.94	9.89	19.06	22.12	62.0
1055	363.83	17.99	72.96	1.88	18.33	20.51	93.0
1056	453.95	52.09	26.82	7.99	34.57	39.91	88.0
1057	198.6	2.72	76.53	0.07	2.02	4.36	103.0
1058	453.95	52.09	26.82	7.99	34.57	39.91	88.0
1059	313.76	14.57	85.12	1.58	11.44	13.43	125.0
1060	387.19	19.19	47.92	2.03	23.89	26.97	66.0
1061	293.73	12.51	80.11	1.43	9.34	11.99	112.0
1062	203.61	3.73	70.81	0.07	2.68	5.17	86.0
1063	203.61	3.73	70.81	0.07	2.68	5.17	86.0
1064	453.95	52.09	26.82	7.99	34.57	39.91	88.0
1065	203.61	3.73	70.81	0.07	2.68	5.17	86.0
1066	520.71	63.75	20.56	5.54	31.88	38.13	82.0
1067	520.71	63.75	20.56	5.54	31.88	38.13	82.0
1068	520.71	63.75	20.56	5.54	31.88	38.13	82.0
1069	520.71	63.75	20.56	5.54	31.88	38.13	82.0
1070	453.95	52.09	26.82	7.99	34.57	39.91	88.0
1071	453.95	52.09	26.82	7.99	34.57	39.91	88.0
1072	253.68	13.37	54.36	0.39	5.09	10.74	46.0
1073	453.95	52.09	26.82	7.99	34.57	39.91	88.0
1074	640.87	79.51	9.92	11.56	44.21	54.49	107.0
1075	453.95	52.09	26.82	7.99	34.57	39.91	88.0
1076	293.73	12.51	80.11	1.43	9.34	11.99	112.0
1077	293.73	12.51	80.11	1.43	9.34	11.99	112.0
1078	293.73	12.51	80.11	1.43	9.34	11.99	112.0
1079	293.73	12.51	80.11	1.43	9.34	11.99	112.0
1080	367.17	28.79	63.66	6.97	18.28	21.02	64.0
1081	367.17	28.79	63.66	6.97	18.28	21.02	64.0
1082	367.17	28.79	63.66	6.97	18.28	21.02	64.0
1083	367.17	28.79	63.66	6.97	18.28	21.02	64.0
1084	200.27	4.03	65.8	0.06	3.25	6.25	71.0
1085	614.17	87.74	11.36	6.68	34.33	42.56	104.0
1086	383.85	35.64	62.94	9.89	19.06	22.12	62.0
1087	520.71	63.75	20.56	5.54	31.88	38.13	82.0
1088	520.71	63.75	20.56	5.54	31.88	38.13	82.0
1089	614.17	87.74	11.36	6.68	34.33	42.56	104.0
1090	383.85	35.64	62.94	9.89	19.06	22.12	62.0
1091	383.85	35.64	62.94	9.89	19.06	22.12	62.0
1092	383.85	35.64	62.94	9.89	19.06	22.12	62.0
1093	383.85	35.64	62.94	9.89	19.06	22.12	62.0
1094	383.85	35.64	62.94	9.89	19.06	22.12	62.0
1095	383.85	35.64	62.94	9.89	19.06	22.12	62.0
1096	520.71	63.75	20.56	5.54	31.88	38.13	82.0
1097	383.85	35.64	62.94	9.89	19.06	22.12	62.0
1098	520.71	63.75	20.56	5.54	31.88	38.13	82.0
1099	520.71	63.75	20.56	5.54	31.88	38.13	82.0
1100	383.85	35.64	62.94	9.89	19.06	22.12	62.0
1101	383.85	35.64	62.94	9.89	19.06	22.12	62.0
1102	383.85	35.64	62.94	9.89	19.06	22.12	62.0
1103	383.85	35.64	62.94	9.89	19.06	22.12	62.0
1104	383.85	35.64	62.94	9.89	19.06	22.12	62.0
1105	383.85	35.64	62.94	9.89	19.06	22.12	62.0
1106	383.85	35.64	62.94	9.89	19.06	22.12	62.0
1107	383.85	35.64	62.94	9.89	19.06	22.12	62.0
1108	383.85	35.64	62.94	9.89	19.06	22.12	62.0
1109	383.85	35.64	62.94	9.89	19.06	22.12	62.0
1110	383.85	35.64	62.94	9.89	19.06	22.12	62.0
1111	383.85	35.64	62.94	9.89	19.06	22.12	62.0
1112	383.85	35.64	62.94	9.89	19.06	22.12	62.0
1113	383.85	35.64	62.94	9.89	19.06	22.12	62.0
1114	383.85	35.64	62.94	9.89	19.06	22.12	62.0
1115	383.85	35.64	62.94	9.89	19.06	22.12	62.0
1116	377.18	33.24	65.8	10.25	18.37	21.06	71.0
1117	283.72	11.65	77.96	1.4	8.31	11.4	107.0
1118	377.18	33.24	65.8	10.25	18.37	21.06	71.0
1119	377.18	33.24	65.8	10.25	18.37	21.06	71.0
1120	293.73	19.36	21.64	0.16	5.07	8.91	24.0
1121	310.42	14.57	42.2	0.65	8.09	8.85	35.0
1122	347.14	22.96	72.96	8.46	15.8	18.16	93.0
1123	377.18	33.24	65.8	10.25	18.37	21.06	71.0
1124	270.37	11.82	66.52	0.56	4.77	8.47	73.0
1125	293.73	19.36	21.64	0.16	5.07	8.91	24.0
1126	377.18	33.24	65.8	10.25	18.37	21.06	71.0
1127	270.37	11.82	66.52	0.56	4.77	8.47	73.0
1128	280.38	10.2	78.68	1.8	8.1	11.18	109.0
1129	260.35	7.54	74.39	0.68	6.02	9.66	98.0
1130	280.38	10.2	78.68	1.8	8.1	11.18	109.0
1131	377.18	33.24	65.8	10.25	18.37	21.06	71.0
1132	260.35	7.54	74.39	0.68	6.02	9.66	98.0
1133	377.18	33.24	65.8	10.25	18.37	21.06	71.0
1134	283.72	11.65	77.96	1.4	8.31	11.4	107.0
1135	280.38	10.2	78.68	1.8	8.1	11.18	109.0
1136	283.72	11.65	77.96	1.4	8.31	11.4	107.0
1137	283.72	11.65	77.96	1.4	8.31	11.4	107.0
1138	280.38	10.2	78.68	1.8	8.1	11.18	109.0
1139	270.37	11.82	66.52	0.56	4.77	8.47	73.0
1140	270.37	11.82	66.52	0.56	4.77	8.47	73.0
1141	270.37	11.82	66.52	0.56	4.77	8.47	73.0
1142	260.35	7.54	74.39	0.68	6.02	9.66	98.0
1143	377.18	33.24	65.8	10.25	18.37	21.06	71.0
1144	377.18	33.24	65.8	10.25	18.37	21.06	71.0
1145	280.38	10.2	78.68	1.8	8.1	11.18	109.0
1146	377.18	33.24	65.8	10.25	18.37	21.06	71.0
1147	377.18	33.24	65.8	10.25	18.37	21.06	71.0
1148	347.14	22.96	72.96	8.46	15.8	18.16	93.0
1149	293.73	19.36	21.64	0.16	5.07	8.91	24.0
1150	293.73	19.36	21.64	0.16	5.07	8.91	24.0
1151	280.38	10.2	78.68	1.8	8.1	11.18	109.0
1152	674.25	80.2	4.2	12.99	52.22	59.24	123.0
1153	447.27	47.98	55.08	2.86	15.99	19.18	59.0
1154	347.14	25.36	36.12	0.48	11.09	15.33	36.0
1155	297.07	17.82	68.67	1.61	9.88	12.2	80.0
1156	297.07	17.82	68.67	1.61	9.88	12.2	80.0
1157	297.07	17.82	68.67	1.61	9.88	12.2	80.0
1158	1134.87	81.57	0.54	7.21	57.69	67.11	134.0
1159	447.27	47.98	55.08	2.86	15.99	19.18	59.0
1160	383.85	17.82	84.4	1.19	21.81	25.63	123.0
1161	974.66	98.71	1.26	7.45	52.95	63.23	125.0
1162	934.6	100.08	2.5	9.89	54.91	63.17	129.0
1163	333.79	7.37	110.15	1.07	23.19	27.5	187.0
1164	297.07	17.82	68.67	1.61	9.88	12.2	80.0
1165	347.14	25.36	36.12	0.48	11.09	15.33	36.0
1166	330.45	15.94	51.5	0.46	14.83	21.03	48.0
1167	287.06	4.33	70.81	0.68	20.82	22.25	86.0
1168	1134.87	81.57	0.54	7.21	57.69	67.11	134.0
1169	1134.87	81.57	0.54	7.21	57.69	67.11	134.0
1170	1121.52	135.72	2.84	8.82	65.23	74.29	149.0
1171	674.25	80.2	4.2	12.99	52.22	59.24	123.0
1172	847.82	79.51	1.68	3.87	31.4	41.04	99.0
1173	347.14	25.36	36.12	0.48	11.09	15.33	36.0
1174	297.07	17.82	68.67	1.61	9.88	12.2	80.0
1175	216.96	3.47	67.95	0.19	8.49	13.01	77.0
1176	417.23	33.24	70.1	0.95	20.92	26.15	84.0
1177	330.45	15.94	51.5	0.46	14.83	21.03	48.0
1178	1134.87	81.57	0.54	7.21	57.69	67.11	134.0
1179	1134.87	81.57	0.54	7.21	57.69	67.11	134.0
1180	1134.87	81.57	0.54	7.21	57.69	67.11	134.0
1181	1134.87	81.57	0.54	7.21	57.69	67.11	134.0
1182	297.07	17.82	68.67	1.61	9.88	12.2	80.0
1183	447.27	47.98	55.08	2.86	15.99	19.18	59.0
1184	303.75	8.48	70.1	0.95	12.6	14.09	84.0
1185	1121.52	135.72	2.84	8.82	65.23	74.29	149.0
1186	297.07	17.82	68.67	1.61	9.88	12.2	80.0
1187	934.6	100.08	2.5	9.89	54.91	63.17	129.0
1188	1121.52	135.72	2.84	8.82	65.23	74.29	149.0
1189	287.06	9.68	56.51	0.26	9.07	10.18	47.0
1190	347.14	25.36	36.12	0.48	11.09	15.33	36.0
1191	1134.87	81.57	0.54	7.21	57.69	67.11	134.0
1192	1134.87	81.57	0.54	7.21	57.69	67.11	134.0
1193	1134.87	81.57	0.54	7.21	57.69	67.11	134.0
1194	1134.87	81.57	0.54	7.21	57.69	67.11	134.0
1195	1134.87	81.57	0.54	7.21	57.69	67.11	134.0
1196	1134.87	81.57	0.54	7.21	57.69	67.11	134.0
1197	1134.87	81.57	0.54	7.21	57.69	67.11	134.0
1198	974.66	98.71	1.26	7.45	52.95	63.23	125.0
1199	1134.87	81.57	0.54	7.21	57.69	67.11	134.0
1200	1134.87	81.57	0.54	7.21	57.69	67.11	134.0
1201	1134.87	81.57	0.54	7.21	57.69	67.11	134.0
1202	1134.87	81.57	0.54	7.21	57.69	67.11	134.0
1203	1134.87	81.57	0.54	7.21	57.69	67.11	134.0
1204	1134.87	81.57	0.54	7.21	57.69	67.11	134.0
1205	1134.87	81.57	0.54	7.21	57.69	67.11	134.0
1206	1134.87	81.57	0.54	7.21	57.69	67.11	134.0
1207	1134.87	81.57	0.54	7.21	57.69	67.11	134.0
1208	934.6	100.08	2.5	9.89	54.91	63.17	129.0
1209	1134.87	81.57	0.54	7.21	57.69	67.11	134.0
1210	1134.87	81.57	0.54	7.21	57.69	67.11	134.0
1211	674.25	80.2	4.2	12.99	52.22	59.24	123.0
1212	1134.87	81.57	0.54	7.21	57.69	67.11	134.0
1213	674.25	80.2	4.2	12.99	52.22	59.24	123.0
1214	974.66	98.71	1.26	7.45	52.95	63.23	125.0
1215	1134.87	81.57	0.54	7.21	57.69	67.11	134.0
1216	974.66	98.71	1.26	7.45	52.95	63.23	125.0
1217	974.66	98.71	1.26	7.45	52.95	63.23	125.0
1218	974.66	98.71	1.26	7.45	52.95	63.23	125.0
1219	974.66	98.71	1.26	7.45	52.95	63.23	125.0
1220	614.17	49.35	1.92	1.55	18.58	24.62	61.0
1221	614.17	49.35	1.92	1.55	18.58	24.62	61.0
1222	614.17	49.35	1.92	1.55	18.58	24.62	61.0
1223	614.17	49.35	1.92	1.55	18.58	24.62	61.0
1224	614.17	49.35	1.92	1.55	18.58	24.62	61.0
1225	327.11	22.28	55.79	0.88	9.05	11.46	47.0
1226	327.11	22.28	55.79	0.88	9.05	11.46	47.0
1227	327.11	22.28	55.79	0.88	9.05	11.46	47.0
1228	614.17	49.35	1.92	1.55	18.58	24.62	61.0
1229	327.11	22.28	55.79	0.88	9.05	11.46	47.0
1230	614.17	49.35	1.92	1.55	18.58	24.62	61.0
1231	327.11	22.28	55.79	0.88	9.05	11.46	47.0
1232	494.0	53.47	47.21	4.83	19.52	22.13	66.0
1233	226.97	9.08	42.2	0.05	2.54	3.48	35.0
1234	300.41	10.11	23.96	0.02	1.59	2.04	20.0
1235	300.41	10.11	23.96	0.02	1.59	2.04	20.0
1236	250.34	14.74	49.35	0.04	3.57	6.66	41.0
1237	307.08	24.33	36.84	0.83	9.49	13.85	31.0
1238	387.19	42.16	10.82	0.39	8.96	13.41	52.0
1239	206.95	8.57	39.7	0.03	3.47	6.64	33.0
1240	453.95	41.13	2.12	0.83	11.48	17.38	51.0
1241	614.17	49.35	1.92	1.55	18.58	24.62	61.0
1242	257.02	12.17	21.82	0.03	2.72	3.47	18.0
1243	223.64	4.58	60.08	0.12	2.44	3.26	53.0
1244	327.11	19.88	35.41	1.33	12.45	16.82	40.0
1245	387.19	42.16	10.82	0.39	8.96	13.41	52.0
1246	387.19	42.16	10.82	0.39	8.96	13.41	52.0
1247	327.11	22.28	55.79	0.88	9.05	11.46	47.0
1248	327.11	22.28	55.79	0.88	9.05	11.46	47.0
1249	257.02	12.17	21.82	0.03	2.72	3.47	18.0
1250	257.02	12.17	21.82	0.03	2.72	3.47	18.0
1251	226.97	9.08	42.2	0.05	2.54	3.48	35.0
1252	257.02	12.17	21.82	0.03	2.72	3.47	18.0
1253	253.68	14.91	45.78	0.04	2.82	3.74	38.0
1254	226.97	9.08	42.2	0.05	2.54	3.48	35.0
1255	250.34	14.74	49.35	0.04	3.57	6.66	41.0
1256	250.34	14.74	49.35	0.04	3.57	6.66	41.0
1257	247.0	6.26	34.69	0.02	2.67	3.39	29.0
1258	257.02	12.17	21.82	0.03	2.72	3.47	18.0
1259	327.11	22.28	55.79	0.88	9.05	11.46	47.0
1260	467.3	26.05	34.69	0.55	43.99	47.6	107.0
1261	453.95	29.47	30.04	0.54	26.84	30.96	72.0
1262	473.98	64.43	10.46	13.11	38.68	45.12	96.0
1263	303.75	15.25	31.47	0.06	3.95	5.1	26.0
1264	243.66	5.74	55.08	0.26	10.53	11.61	46.0
1265	560.76	43.53	11.09	1.0	44.6	48.48	108.0
1266	223.64	4.58	60.08	0.12	2.44	3.26	53.0
1267	253.68	10.54	47.21	0.08	3.65	4.7	40.0
1268	453.95	29.47	30.04	0.54	26.84	30.96	72.0
1269	390.53	19.54	47.92	0.69	48.79	52.79	116.0
1270	453.95	29.47	30.04	0.54	26.84	30.96	72.0
1271	453.95	29.47	30.04	0.54	26.84	30.96	72.0
1272	357.15	5.1	97.28	1.73	42.08	45.79	155.0
1273	188.59	7.97	70.1	0.05	2.42	2.97	84.0
1274	520.71	38.73	4.56	0.78	18.86	23.7	56.0
1275	467.3	42.16	27.9	1.45	27.54	33.02	74.0
1276	260.35	8.31	23.6	0.04	2.99	4.71	20.0
1277	370.5	10.2	69.38	0.85	57.02	58.69	133.0
1278	297.07	16.11	18.06	0.1	8.9	13.64	28.0
1279	560.76	43.53	11.09	1.0	44.6	48.48	108.0
1280	267.03	8.48	50.07	0.38	14.28	15.71	46.0
1281	560.76	43.53	11.09	1.0	44.6	48.48	108.0
1282	233.65	9.94	35.05	0.03	4.57	7.7	29.0
1283	560.76	43.53	11.09	1.0	44.6	48.48	108.0
1284	253.68	7.54	40.05	0.07	5.65	7.02	33.0
1285	614.17	49.35	1.92	1.55	18.58	24.62	61.0
1286	393.87	14.74	62.94	1.15	26.31	28.49	71.0
1287	467.3	26.05	34.69	0.55	43.99	47.6	107.0
1288	230.31	6.34	34.33	0.02	2.13	3.13	29.0
1289	614.17	49.35	1.92	1.55	18.58	24.62	61.0
1290	494.0	49.35	9.57	16.45	34.36	40.53	87.0
1291	253.68	9.08	45.78	0.1	6.37	7.31	38.0
1292	460.63	26.73	55.08	1.43	38.32	41.85	95.0
1293	460.63	26.73	55.08	1.43	38.32	41.85	95.0
1294	253.68	9.08	45.78	0.1	6.37	7.31	38.0
1295	230.31	6.34	34.33	0.02	2.13	3.13	29.0
1296	460.63	26.73	55.08	1.43	38.32	41.85	95.0
1297	467.3	42.16	27.9	1.45	27.54	33.02	74.0
1298	520.71	38.73	4.56	0.78	18.86	23.7	56.0
1299	520.71	38.73	4.56	0.78	18.86	23.7	56.0
1300	520.71	38.73	4.56	0.78	18.86	23.7	56.0
1301	467.3	42.16	27.9	1.45	27.54	33.02	74.0
1302	520.71	38.73	4.56	0.78	18.86	23.7	56.0
1303	467.3	42.16	27.9	1.45	27.54	33.02	74.0
1304	370.5	10.2	69.38	0.85	57.02	58.69	133.0
1305	520.71	38.73	4.56	0.78	18.86	23.7	56.0
1306	390.53	19.54	47.92	0.69	48.79	52.79	116.0
1307	180.24	5.23	50.07	0.01	0.58	0.69	42.0
1308	393.87	14.74	62.94	1.15	26.31	28.49	71.0
1309	467.3	42.16	27.9	1.45	27.54	33.02	74.0
1310	520.71	38.73	4.56	0.78	18.86	23.7	56.0
1311	467.3	42.16	27.9	1.45	27.54	33.02	74.0
1312	267.03	8.48	50.07	0.38	14.28	15.71	46.0
1313	303.75	15.25	31.47	0.06	3.95	5.1	26.0
1314	303.75	15.25	31.47	0.06	3.95	5.1	26.0
1315	393.87	11.48	57.94	0.86	56.6	59.04	132.0
1316	233.65	9.17	47.21	0.01	1.3	1.68	40.0
1317	473.98	64.43	10.46	13.11	38.68	45.12	96.0
1318	473.98	64.43	10.46	13.11	38.68	45.12	96.0
1319	303.75	15.25	31.47	0.06	3.95	5.1	26.0
1320	560.76	43.53	11.09	1.0	44.6	48.48	108.0
1321	560.76	43.53	11.09	1.0	44.6	48.48	108.0
1322	223.64	4.58	60.08	0.12	2.44	3.26	53.0
1323	494.0	49.35	9.57	16.45	34.36	40.53	87.0
1324	297.07	16.11	18.06	0.1	8.9	13.64	28.0
1325	337.12	13.37	62.94	0.55	38.11	41.85	95.0
1326	453.95	29.47	30.04	0.54	26.84	30.96	72.0
1327	188.59	7.97	70.1	0.05	2.42	2.97	84.0
1328	473.98	64.43	10.46	13.11	38.68	45.12	96.0
1329	240.33	9.0	60.8	0.25	2.89	5.23	55.0
1330	240.33	9.0	60.8	0.25	2.89	5.23	55.0
1331	240.33	9.0	60.8	0.25	2.89	5.23	55.0
1332	240.33	9.0	60.8	0.25	2.89	5.23	55.0
1333	240.33	9.0	60.8	0.25	2.89	5.23	55.0
1334	240.33	9.0	60.8	0.25	2.89	5.23	55.0
1335	257.02	7.37	43.99	0.54	6.04	6.57	37.0
1336	233.65	4.58	36.84	0.14	4.15	4.56	31.0
1337	216.96	4.5	38.98	0.04	2.78	3.1	33.0
1338	236.99	9.94	36.84	0.02	1.18	1.22	31.0
1339	257.02	7.37	43.99	0.54	6.04	6.57	37.0
1340	233.65	5.23	47.21	0.18	3.65	4.49	40.0
1341	198.6	3.13	75.82	0.06	1.41	2.84	102.0
1342	196.93	3.3	46.49	0.02	0.96	1.87	39.0
1343	198.6	4.03	51.5	0.03	1.37	2.23	43.0
1344	198.6	3.13	75.82	0.06	1.41	2.84	102.0
1345	240.33	5.27	38.27	0.11	3.76	3.96	32.0
1346	166.89	1.56	33.26	0.01	0.5	0.66	28.0
1347	211.95	7.37	42.92	0.02	1.37	1.42	36.0
1348	233.65	5.23	47.21	0.18	3.65	4.49	40.0
1349	233.65	6.86	70.81	0.2	4.18	7.94	86.0
1350	280.38	12.17	41.13	0.86	7.99	9.02	34.0
1351	220.3	7.63	37.19	0.02	1.07	1.74	31.0
1352	243.66	8.82	55.79	0.32	2.87	5.01	47.0
1353	277.04	8.82	37.55	0.18	4.51	4.89	31.0
1354	240.33	9.0	60.8	0.25	2.89	5.23	55.0
1355	211.95	6.6	58.65	0.04	1.45	2.91	49.0
1356	233.65	6.86	70.81	0.2	4.18	7.94	86.0
1357	196.93	3.3	46.49	0.02	0.96	1.87	39.0
1358	243.66	8.82	55.79	0.32	2.87	5.01	47.0
1359	280.38	12.68	23.25	0.36	7.51	8.06	24.0
1360	243.66	8.82	55.79	0.32	2.87	5.01	47.0
1361	211.95	6.6	58.65	0.04	1.45	2.91	49.0
1362	200.27	5.83	52.21	0.03	1.01	1.81	44.0
1363	233.65	5.23	47.21	0.18	3.65	4.49	40.0
1364	198.6	3.13	75.82	0.06	1.41	2.84	102.0
1365	203.61	3.73	70.81	0.07	2.68	5.17	86.0
1366	220.3	7.63	37.19	0.02	1.07	1.74	31.0
1367	236.99	9.94	36.84	0.02	1.18	1.22	31.0
1368	257.02	7.37	43.99	0.54	6.04	6.57	37.0
1369	198.6	3.0	75.82	0.07	1.68	3.53	102.0
1370	196.93	3.3	46.49	0.02	0.96	1.87	39.0
1371	280.38	12.17	41.13	0.86	7.99	9.02	34.0
1372	257.02	7.37	43.99	0.54	6.04	6.57	37.0
1373	201.94	3.3	67.95	0.05	1.54	3.37	77.0
1374	233.65	5.23	47.21	0.18	3.65	4.49	40.0
1375	263.69	10.97	20.03	0.14	5.66	6.01	18.0
1376	220.3	7.63	37.19	0.02	1.07	1.74	31.0
1377	243.66	8.82	55.79	0.32	2.87	5.01	47.0
1378	263.69	10.97	20.03	0.14	5.66	6.01	18.0
1379	198.6	3.0	75.82	0.07	1.68	3.53	102.0
1380	280.38	12.68	23.25	0.36	7.51	8.06	24.0
1381	226.97	6.6	38.62	0.03	1.6	2.02	32.0
1382	223.64	5.48	42.56	0.02	1.71	1.92	36.0
1383	243.66	8.82	55.79	0.32	2.87	5.01	47.0
1384	293.73	19.36	21.64	0.16	5.07	8.91	24.0
1385	233.65	6.86	70.81	0.2	4.18	7.94	86.0
1386	307.08	22.28	33.62	0.07	3.33	3.95	28.0
1387	220.3	7.63	37.19	0.02	1.07	1.74	31.0
1388	233.65	5.23	47.21	0.18	3.65	4.49	40.0
1389	240.33	7.97	18.24	0.04	2.38	2.57	15.0
1390	216.96	8.23	25.75	0.01	1.42	1.51	21.0
1391	243.66	8.82	55.79	0.32	2.87	5.01	47.0
1392	220.3	7.63	37.19	0.02	1.07	1.74	31.0
1393	223.64	5.91	43.63	0.08	2.63	3.0	36.0
1394	327.11	20.74	29.33	1.12	9.67	10.83	31.0
1395	283.72	12.17	46.49	0.75	4.0	5.7	39.0
1396	283.72	12.17	46.49	0.75	4.0	5.7	39.0
1397	283.72	19.71	7.06	0.03	1.73	1.85	24.0
1398	220.3	9.08	30.4	0.02	1.25	1.44	25.0
1399	270.37	16.62	38.98	0.25	3.69	4.89	33.0
1400	270.37	16.62	38.98	0.25	3.69	4.89	33.0
1401	270.37	16.62	38.98	0.25	3.69	4.89	33.0
1402	317.1	14.22	1.57	0.3	3.83	4.51	17.0
1403	180.24	2.59	21.64	0.01	0.86	1.16	18.0
1404	181.91	2.55	40.77	0.02	0.78	1.17	34.0
1405	247.0	11.65	12.16	0.02	2.54	3.61	14.0
1406	263.69	9.68	20.39	0.18	3.89	4.09	17.0
1407	216.96	2.72	52.93	0.58	2.84	4.04	44.0
1408	220.3	3.09	48.64	0.83	3.09	3.84	41.0
1409	280.38	20.22	9.92	0.13	3.72	5.48	25.0
1410	283.72	19.71	7.06	0.03	1.73	1.85	24.0
1411	201.94	2.72	24.68	0.01	1.49	1.6	20.0
1412	191.93	3.64	41.49	0.04	1.19	1.3	35.0
1413	270.37	8.05	38.98	0.02	1.5	1.57	33.0
1414	280.38	20.22	9.92	0.13	3.72	5.48	25.0
1415	233.65	2.87	41.49	0.24	3.83	4.05	35.0
1416	337.12	25.02	6.97	3.7	5.67	6.91	31.0
1417	337.12	25.02	6.97	3.7	5.67	6.91	31.0
1418	220.3	3.09	48.64	0.83	3.09	3.84	41.0
1419	186.92	3.77	39.34	0.02	0.92	1.61	33.0
1420	290.39	29.82	9.12	0.02	1.91	2.1	37.0
1421	220.3	9.08	30.4	0.02	1.25	1.44	25.0
1422	216.96	0.72	55.79	0.23	3.31	3.42	47.0
1423	210.29	4.58	18.42	0.01	1.35	1.46	15.0
1424	196.93	2.57	42.92	0.18	1.61	1.82	36.0
1425	220.3	9.08	30.4	0.02	1.25	1.44	25.0
1426	201.94	6.51	18.24	0.09	1.15	1.23	15.0
1427	280.38	20.22	9.92	0.13	3.72	5.48	25.0
1428	201.94	5.48	20.03	0.01	1.13	1.24	16.0
1429	270.37	16.62	38.98	0.25	3.69	4.89	33.0
1430	280.38	20.22	9.92	0.13	3.72	5.48	25.0
1431	310.42	11.48	26.46	0.18	3.97	4.14	22.0
1432	185.25	2.74	29.68	0.01	1.26	1.42	25.0
1433	290.39	29.82	9.12	0.02	1.91	2.1	37.0
1434	243.66	6.86	47.21	0.08	3.07	3.29	40.0
1435	290.39	29.82	9.12	0.02	1.91	2.1	37.0
1436	250.34	9.94	15.56	0.01	1.56	1.65	13.0
1437	230.31	10.45	27.9	0.02	1.41	1.48	23.0
1438	230.31	10.45	27.9	0.02	1.41	1.48	23.0
1439	190.26	2.83	35.41	0.06	1.51	1.6	30.0
1440	186.92	3.77	39.34	0.02	0.92	1.61	33.0
1441	574.11	63.06	27.18	3.22	20.22	27.76	78.0
1442	340.46	12.51	34.33	0.18	9.27	15.7	30.0
1443	340.46	12.51	34.33	0.18	9.27	15.7	30.0
1444	340.46	12.51	34.33	0.18	9.27	15.7	30.0
1445	680.92	55.52	1.35	3.07	22.1	26.97	69.0
1446	191.93	3.0	72.96	0.08	2.1	4.49	93.0
1447	208.62	6.26	59.37	0.07	3.53	7.66	51.0
1448	487.33	38.73	37.91	1.94	22.36	31.67	63.0
1449	487.33	38.73	37.91	1.94	22.36	31.67	63.0
1450	534.06	50.72	35.41	5.25	31.13	34.58	81.0
1451	387.19	25.02	11.62	0.05	5.92	9.26	31.0
1452	534.06	50.72	35.41	5.25	31.13	34.58	81.0
1453	480.65	40.78	3.17	0.65	10.33	16.88	50.0
1454	480.65	40.78	3.17	0.65	10.33	16.88	50.0
1455	433.92	35.3	8.85	0.35	8.14	15.81	44.0
1456	250.34	13.2	50.07	0.29	4.22	10.61	42.0
1457	487.33	38.73	37.91	1.94	22.36	31.67	63.0
1458	433.92	35.3	8.85	0.35	8.14	15.81	44.0
1459	674.25	80.88	18.42	8.46	30.72	35.9	100.0
1460	363.83	26.73	35.76	0.95	9.33	14.79	33.0
1461	297.07	13.54	55.08	0.72	7.97	14.04	46.0
1462	208.62	6.26	59.37	0.07	3.53	7.66	51.0
1463	487.33	38.73	37.91	1.94	22.36	31.67	63.0
1464	337.12	16.45	30.4	0.25	5.7	8.02	25.0
1465	714.3	61.69	2.12	2.15	23.02	32.34	77.0
1466	253.68	13.71	65.8	0.12	2.4	3.49	71.0
1467	494.0	53.47	47.21	4.83	19.52	22.13	66.0
1468	387.19	25.02	11.62	0.05	5.92	9.26	31.0
1469	243.66	6.34	66.52	0.07	2.36	3.58	73.0
1470	387.19	25.02	11.62	0.05	5.92	9.26	31.0
1471	240.33	6.43	22.17	0.01	2.04	2.97	18.0
1472	191.93	3.0	72.96	0.08	2.1	4.49	93.0
1473	350.48	26.39	64.37	2.56	15.05	18.39	66.0
1474	534.06	50.72	35.41	5.25	31.13	34.58	81.0
1475	307.08	24.33	36.84	0.83	9.49	13.85	31.0
1476	387.19	19.19	47.92	2.03	23.89	26.97	66.0
1477	270.37	16.28	22.35	0.05	3.57	5.47	20.0
1478	307.08	15.25	13.59	0.43	4.33	10.5	19.0
1479	166.89	1.26	85.12	0.04	2.79	4.17	125.0
1480	397.21	24.33	52.93	0.89	13.17	21.99	44.0
1481	340.46	12.51	34.33	0.18	9.27	15.7	30.0
1482	387.19	25.02	11.62	0.05	5.92	9.26	31.0
1483	487.33	38.73	37.91	1.94	22.36	31.67	63.0
1484	260.35	16.45	38.62	0.19	4.09	9.89	32.0
1485	674.25	80.88	18.42	8.46	30.72	35.9	100.0
1486	340.46	12.51	34.33	0.18	9.27	15.7	30.0
1487	400.54	33.59	27.54	0.86	8.2	16.15	41.0
1488	487.33	38.73	37.91	1.94	22.36	31.67	63.0
1489	487.33	38.73	37.91	1.94	22.36	31.67	63.0
1490	487.33	38.73	37.91	1.94	22.36	31.67	63.0
1491	340.46	12.51	34.33	0.18	9.27	15.7	30.0
1492	340.46	12.51	34.33	0.18	9.27	15.7	30.0
1493	337.12	16.45	30.4	0.25	5.7	8.02	25.0
1494	247.0	6.26	34.69	0.02	2.67	3.39	29.0
1495	433.92	35.3	8.85	0.35	8.14	15.81	44.0
1496	400.54	33.59	27.54	0.86	8.2	16.15	41.0
1497	574.11	63.06	27.18	3.22	20.22	27.76	78.0
1498	487.33	38.73	37.91	1.94	22.36	31.67	63.0
1499	433.92	35.3	8.85	0.35	8.14	15.81	44.0
1500	297.07	13.54	55.08	0.72	7.97	14.04	46.0
1501	400.54	33.59	27.54	0.86	8.2	16.15	41.0
1502	337.12	16.45	30.4	0.25	5.7	8.02	25.0
1503	487.33	38.73	37.91	1.94	22.36	31.67	63.0
1504	487.33	38.73	37.91	1.94	22.36	31.67	63.0
1505	191.93	3.0	72.96	0.08	2.1	4.49	93.0
1506	534.06	50.72	35.41	5.25	31.13	34.58	81.0
1507	397.21	24.33	52.93	0.89	13.17	21.99	44.0
1508	433.92	35.3	8.85	0.35	8.14	15.81	44.0
1509	781.06	98.71	12.52	8.11	40.27	48.47	110.0
1510	247.0	6.26	34.69	0.02	2.67	3.39	29.0
1511	337.12	16.45	30.4	0.25	5.7	8.02	25.0
1512	534.06	50.72	35.41	5.25	31.13	34.58	81.0
1513	363.83	26.73	35.76	0.95	9.33	14.79	33.0
1514	363.83	26.73	35.76	0.95	9.33	14.79	33.0
1515	337.12	16.45	30.4	0.25	5.7	8.02	25.0
1516	534.06	50.72	35.41	5.25	31.13	34.58	81.0
1517	680.92	55.52	1.35	3.07	22.1	26.97	69.0
1518	420.57	32.56	5.36	0.48	9.85	18.93	40.0
1519	494.0	53.47	47.21	4.83	19.52	22.13	66.0
1520	250.34	13.2	50.07	0.29	4.22	10.61	42.0
1521	260.35	16.45	38.62	0.19	4.09	9.89	32.0
1522	260.35	16.45	38.62	0.19	4.09	9.89	32.0
1523	303.75	21.94	22.53	0.36	4.55	10.56	27.0
1524	574.11	63.06	27.18	3.22	20.22	27.76	78.0
1525	208.62	5.06	59.37	0.12	6.23	10.28	51.0
1526	423.91	25.02	7.42	0.1	5.95	7.16	31.0
1527	337.12	16.62	13.23	0.04	3.96	6.03	20.0
1528	423.91	25.02	7.42	0.1	5.95	7.16	31.0
1529	423.91	25.02	7.42	0.1	5.95	7.16	31.0
1530	208.62	5.06	59.37	0.12	6.23	10.28	51.0
1531	423.91	25.02	7.42	0.1	5.95	7.16	31.0
1532	178.58	1.84	63.66	0.02	1.67	2.41	64.0
1533	176.91	1.65	84.4	0.08	5.75	9.17	123.0
1534	340.46	14.4	37.91	0.1	6.93	10.59	32.0
1535	181.91	3.94	77.25	0.18	5.96	11.04	105.0
1536	240.33	6.43	22.17	0.01	2.04	2.97	18.0
1537	181.91	3.6	77.96	0.21	5.15	8.9	107.0
1538	176.91	1.65	84.4	0.08	5.75	9.17	123.0
1539	423.91	25.02	7.42	0.1	5.95	7.16	31.0
1540	674.25	80.88	18.42	8.46	30.72	35.9	100.0
1541	714.3	61.69	2.12	2.15	23.02	32.34	77.0
1542	487.33	38.73	37.91	1.94	22.36	31.67	63.0
1543	680.92	55.52	1.35	3.07	22.1	26.97	69.0
1544	680.92	55.52	1.35	3.07	22.1	26.97	69.0
1545	714.3	61.69	2.12	2.15	23.02	32.34	77.0
1546	397.21	24.33	52.93	0.89	13.17	21.99	44.0
1547	303.75	22.96	20.92	0.54	4.53	10.87	28.0
1548	680.92	55.52	1.35	3.07	22.1	26.97	69.0
1549	680.92	55.52	1.35	3.07	22.1	26.97	69.0
1550	297.07	13.54	55.08	0.72	7.97	14.04	46.0
1551	680.92	55.52	1.35	3.07	22.1	26.97	69.0
1552	680.92	55.52	1.35	3.07	22.1	26.97	69.0
1553	680.92	55.52	1.35	3.07	22.1	26.97	69.0
1554	680.92	55.52	1.35	3.07	22.1	26.97	69.0
1555	680.92	55.52	1.35	3.07	22.1	26.97	69.0
1556	487.33	38.73	37.91	1.94	22.36	31.67	63.0
1557	680.92	55.52	1.35	3.07	22.1	26.97	69.0
1558	680.92	55.52	1.35	3.07	22.1	26.97	69.0
1559	680.92	55.52	1.35	3.07	22.1	26.97	69.0
1560	680.92	55.52	1.35	3.07	22.1	26.97	69.0
1561	674.25	80.88	18.42	8.46	30.72	35.9	100.0
1562	674.25	80.88	18.42	8.46	30.72	35.9	100.0
1563	680.92	55.52	1.35	3.07	22.1	26.97	69.0
1564	674.25	80.88	18.42	8.46	30.72	35.9	100.0
1565	674.25	80.88	18.42	8.46	30.72	35.9	100.0
1566	680.92	55.52	1.35	3.07	22.1	26.97	69.0
1567	680.92	55.52	1.35	3.07	22.1	26.97	69.0
1568	297.07	13.54	55.08	0.72	7.97	14.04	46.0
1569	297.07	13.54	55.08	0.72	7.97	14.04	46.0
1570	297.07	13.54	55.08	0.72	7.97	14.04	46.0
1571	303.75	22.96	20.92	0.54	4.53	10.87	28.0
1572	297.07	13.54	55.08	0.72	7.97	14.04	46.0
1573	487.33	38.73	37.91	1.94	22.36	31.67	63.0
1574	487.33	38.73	37.91	1.94	22.36	31.67	63.0
1575	487.33	38.73	37.91	1.94	22.36	31.67	63.0
1576	674.25	80.88	18.42	8.46	30.72	35.9	100.0
1577	420.57	32.56	5.36	0.48	9.85	18.93	40.0
1578	343.8	17.31	47.21	0.32	8.02	15.23	40.0
1579	223.64	7.03	70.1	0.21	12.94	28.06	84.0
1580	250.34	10.71	60.8	0.21	3.37	7.01	55.0
1581	357.15	21.08	13.77	0.13	6.14	14.42	26.0
1582	190.26	1.97	81.54	0.02	5.76	17.89	116.0
1583	186.92	1.61	83.69	0.05	7.0	21.03	121.0
1584	317.1	17.65	29.33	0.39	4.85	9.65	24.0
1585	307.08	11.65	51.5	0.1	7.87	16.2	43.0
1586	201.94	2.96	72.96	0.1	8.33	20.42	93.0
1587	280.38	11.48	34.33	0.42	3.59	7.7	29.0
1588	206.95	4.41	74.39	0.17	10.31	24.1	98.0
1589	310.42	24.33	26.82	0.22	6.86	15.81	30.0
1590	206.95	4.41	74.39	0.17	10.31	24.1	98.0
1591	263.69	8.48	42.92	0.3	3.28	7.41	36.0
1592	263.69	8.48	42.92	0.3	3.28	7.41	36.0
1593	206.95	4.41	74.39	0.17	10.31	24.1	98.0
1594	297.07	21.08	18.6	0.19	3.66	6.92	26.0
1595	198.6	3.38	62.23	0.01	9.33	35.7	60.0
1596	307.08	11.65	51.5	0.1	7.87	16.2	43.0
1597	223.64	7.03	70.1	0.21	12.94	28.06	84.0
1598	303.75	21.94	22.53	0.36	4.55	10.56	27.0
1599	290.39	19.02	30.4	0.29	4.98	10.97	25.0
1600	198.6	3.09	37.55	0.01	0.79	1.54	31.0
1601	201.94	2.96	72.96	0.1	8.33	20.42	93.0
1602	178.58	0.92	80.11	0.03	3.4	9.71	112.0
1603	283.72	13.71	41.13	0.17	3.21	6.93	34.0
1604	223.64	7.03	70.1	0.21	12.94	28.06	84.0
1605	230.31	5.23	53.64	0.11	8.34	15.2	45.0
1606	307.08	11.65	51.5	0.1	7.87	16.2	43.0
1607	198.6	3.38	62.23	0.01	9.33	35.7	60.0
1608	290.39	13.54	23.6	0.25	4.84	11.45	20.0
1609	340.46	14.4	37.91	0.1	6.93	10.59	32.0
1610	290.39	18.34	25.03	0.6	4.0	9.74	22.0
1611	283.72	13.71	41.13	0.17	3.21	6.93	34.0
1612	290.39	13.54	23.6	0.25	4.84	11.45	20.0
1613	178.58	1.18	85.12	0.03	4.64	13.99	125.0
1614	297.07	21.08	18.6	0.19	3.66	6.92	26.0
1615	191.93	3.68	60.08	0.01	7.67	25.65	53.0
1616	290.39	18.34	25.03	0.6	4.0	9.74	22.0
1617	253.68	7.45	26.82	0.06	7.48	12.62	24.0
1618	230.31	5.23	53.64	0.11	8.34	15.2	45.0
1619	420.57	32.56	5.36	0.48	9.85	18.93	40.0
1620	307.08	11.65	51.5	0.1	7.87	16.2	43.0
1621	230.31	5.06	55.79	0.13	2.88	6.69	47.0
1622	198.6	2.55	79.39	0.04	5.91	17.22	110.0
1623	310.42	24.33	26.82	0.22	6.86	15.81	30.0
1624	310.42	24.33	26.82	0.22	6.86	15.81	30.0
1625	290.39	19.02	30.4	0.29	4.98	10.97	25.0
1626	287.06	17.99	31.11	0.15	3.43	7.03	26.0
1627	220.3	7.03	42.2	0.01	9.31	31.99	35.0
1628	223.64	3.86	52.93	0.16	2.95	7.11	44.0
1629	317.1	17.65	29.33	0.39	4.85	9.65	24.0
1630	230.31	5.23	53.64	0.11	8.34	15.2	45.0
1631	307.08	11.65	51.5	0.1	7.87	16.2	43.0
1632	178.58	1.18	85.12	0.03	4.64	13.99	125.0
1633	185.25	2.29	61.51	0.04	1.44	3.03	57.0
1634	186.92	2.36	73.67	0.04	8.35	24.28	95.0
1635	333.79	19.19	10.37	0.28	5.91	13.52	23.0
1636	208.62	2.61	62.94	0.01	10.42	41.22	62.0
1637	198.6	4.03	62.94	0.01	7.59	25.78	62.0
1638	208.62	5.06	59.37	0.12	6.23	10.28	51.0
1639	196.93	2.46	73.67	0.1	1.97	4.32	95.0
1640	226.97	5.14	57.94	0.12	2.53	5.77	49.0
1641	333.79	19.19	10.37	0.28	5.91	13.52	23.0
1642	333.79	19.19	10.37	0.28	5.91	13.52	23.0
1643	191.93	4.33	41.13	0.02	2.8	6.73	34.0
1644	250.34	12.0	50.07	0.23	4.77	11.21	42.0
1645	196.93	4.5	58.65	0.03	3.11	7.66	49.0
1646	180.24	1.46	77.96	0.02	3.48	10.41	107.0
1647	250.34	12.0	50.07	0.23	4.77	11.21	42.0
1648	190.26	1.63	53.64	0.03	4.39	11.59	45.0
1649	181.91	1.61	78.68	0.02	4.8	14.59	109.0
1650	178.58	2.55	45.06	0.02	0.83	1.28	38.0
1651	185.25	1.26	72.96	0.02	4.19	12.12	93.0
1652	191.93	1.78	71.53	0.02	5.02	14.92	89.0
1653	290.39	14.91	41.49	0.05	6.02	6.26	35.0
1654	181.91	2.25	67.23	0.01	2.89	8.02	75.0
1655	193.6	2.53	67.95	0.01	5.53	16.95	77.0
1656	230.31	10.11	34.69	0.02	2.11	3.8	29.0
1657	196.93	4.5	58.65	0.03	3.11	7.66	49.0
1658	183.58	1.84	77.25	0.02	5.92	18.63	105.0
1659	307.08	16.28	36.48	0.28	3.78	8.07	30.0
1660	327.11	19.19	31.11	0.24	5.02	10.75	26.0
1661	190.26	3.51	63.66	0.02	1.3	2.93	64.0
1662	190.26	3.43	45.78	0.02	1.23	2.13	38.0
1663	370.5	34.62	30.4	0.05	6.87	7.88	43.0
1664	191.93	2.96	44.7	0.02	2.2	2.4	37.0
1665	186.92	1.54	75.1	0.01	4.65	14.09	100.0
1666	186.92	2.23	41.84	0.02	1.6	3.46	35.0
1667	181.91	1.82	48.64	0.03	1.42	1.51	41.0
1668	230.31	5.06	40.41	0.02	1.02	1.6	34.0
1669	191.93	2.83	47.92	0.02	1.52	3.13	40.0
1670	283.72	18.68	19.85	0.03	1.8	2.66	23.0
1671	310.42	19.54	26.11	0.32	4.01	9.22	24.0
1672	243.66	6.08	33.26	0.01	1.95	2.3	28.0
1673	226.97	7.88	44.7	0.03	1.26	2.15	37.0
1674	183.58	2.06	32.54	0.02	1.1	1.58	27.0
1675	186.92	3.47	49.35	0.01	4.29	12.95	41.0
1676	181.91	2.72	49.35	0.02	1.31	2.49	41.0
1677	220.3	7.37	50.78	0.02	1.25	2.29	43.0
1678	181.91	2.55	40.77	0.02	0.78	1.17	34.0
1679	175.24	2.74	41.13	0.01	2.0	4.47	34.0
1680	175.24	2.51	41.84	0.02	0.9	1.47	35.0
1681	196.93	4.5	58.65	0.03	3.11	7.66	49.0
1682	216.96	3.51	43.63	0.02	0.81	1.49	36.0
1683	193.6	3.47	46.49	0.02	1.55	3.04	39.0
1684	190.26	3.43	45.78	0.02	1.23	2.13	38.0
1685	185.25	1.59	76.53	0.02	3.34	9.52	103.0
1686	310.42	19.54	26.11	0.32	4.01	9.22	24.0
1687	188.59	1.34	78.68	0.02	5.04	15.65	109.0
1688	190.26	5.1	50.78	0.02	1.95	3.81	43.0
1689	190.26	3.51	63.66	0.02	1.3	2.93	64.0
1690	243.66	5.74	45.78	0.01	4.9	11.71	38.0
1691	176.91	1.48	82.25	0.03	3.87	11.11	118.0
1692	263.69	11.65	50.07	0.05	5.41	14.07	42.0
1693	176.91	1.48	82.25	0.03	3.87	11.11	118.0
1694	226.97	7.88	44.7	0.03	1.26	2.15	37.0
1695	185.25	1.26	72.96	0.02	4.19	12.12	93.0
1696	370.5	34.62	30.4	0.05	6.87	7.88	43.0
1697	181.91	1.61	78.68	0.02	4.8	14.59	109.0
1698	190.26	1.63	53.64	0.03	4.39	11.59	45.0
1699	186.92	3.47	49.35	0.01	4.29	12.95	41.0
1700	250.34	12.0	50.07	0.23	4.77	11.21	42.0
1701	186.92	2.23	41.84	0.02	1.6	3.46	35.0
1702	188.59	2.06	75.82	0.03	2.49	6.4	102.0
1703	183.58	2.68	54.36	0.02	1.17	2.27	46.0
1704	280.38	12.68	35.76	0.09	3.47	7.94	30.0
1705	201.94	3.0	46.49	0.01	5.07	13.77	39.0
1706	230.31	5.06	40.41	0.02	1.02	1.6	34.0
1707	183.58	2.06	32.54	0.02	1.1	1.58	27.0
1708	181.91	2.49	47.92	0.02	2.01	4.66	40.0
1709	243.66	5.74	45.78	0.01	4.9	11.71	38.0
1710	310.42	19.54	26.11	0.32	4.01	9.22	24.0
1711	233.65	7.28	82.97	0.05	4.7	5.05	119.0
1712	307.08	16.28	36.48	0.28	3.78	8.07	30.0
1713	190.26	3.43	45.78	0.02	1.23	2.13	38.0
1714	273.71	13.71	24.68	0.01	1.99	2.74	20.0
1715	201.94	3.0	46.49	0.01	5.07	13.77	39.0
1716	236.99	6.43	38.62	0.02	1.14	1.91	32.0
1717	188.59	2.96	60.8	0.01	3.0	9.59	55.0
1718	190.26	1.65	77.25	0.15	11.91	45.49	105.0
1719	188.59	2.27	62.94	0.0	4.33	15.51	62.0
1720	206.95	8.65	64.37	0.06	11.95	36.32	66.0
1721	203.61	6.17	69.38	0.1	13.37	35.54	82.0
1722	201.94	8.05	85.12	0.06	8.06	9.95	125.0
1723	183.58	2.01	70.81	0.01	3.27	9.86	86.0
1724	190.26	1.65	77.25	0.15	11.91	45.49	105.0
1725	180.24	1.37	67.23	0.01	4.12	14.72	75.0
1726	210.29	7.71	65.09	0.06	10.3	21.33	69.0
1727	173.57	1.44	60.8	0.01	2.42	7.62	55.0
1728	190.26	1.65	77.25	0.15	11.91	45.49	105.0
1729	198.6	2.96	70.1	0.03	9.91	40.23	84.0
1730	181.91	1.48	70.1	0.01	3.63	12.37	84.0
1731	181.91	1.74	72.96	0.01	3.25	10.07	93.0
1732	181.91	1.65	72.24	0.02	8.95	35.98	91.0
1733	205.28	6.86	65.8	0.08	13.11	37.41	71.0
1734	178.58	1.1	83.69	0.02	6.13	24.3	121.0
1735	175.24	2.55	85.12	0.05	5.19	8.17	125.0
1736	188.59	1.99	70.81	0.04	10.62	40.23	86.0
1737	183.58	1.97	76.53	0.03	10.17	32.21	103.0
1738	181.91	2.08	75.1	0.01	7.47	32.85	100.0
1739	203.61	6.17	69.38	0.1	13.37	35.54	82.0
1740	230.31	8.65	70.1	0.24	15.44	30.25	84.0
1741	247.0	11.82	50.78	0.13	13.08	27.82	43.0
1742	198.6	2.96	70.1	0.03	9.91	40.23	84.0
1743	203.61	6.17	69.38	0.1	13.37	35.54	82.0
1744	193.6	2.14	74.39	0.03	9.71	36.75	98.0
1745	180.24	0.78	87.26	0.05	6.36	22.2	130.0
1746	236.99	8.65	90.12	0.08	17.26	25.64	137.0
1747	183.58	2.87	66.52	0.01	1.54	3.95	73.0
1748	185.25	3.21	66.52	0.06	10.29	37.45	73.0
1749	188.59	2.42	72.96	0.05	10.76	46.17	93.0
1750	188.59	2.36	72.96	0.02	6.87	23.43	93.0
1751	210.29	7.71	65.09	0.06	10.3	21.33	69.0
1752	195.27	4.11	77.25	0.14	9.97	17.08	105.0
1753	195.27	4.11	77.25	0.14	9.97	17.08	105.0
1754	210.29	7.71	65.09	0.06	10.3	21.33	69.0
1755	195.27	4.11	77.25	0.14	9.97	17.08	105.0
1756	195.27	4.11	77.25	0.14	9.97	17.08	105.0
1757	210.29	7.71	65.09	0.06	10.3	21.33	69.0
1758	191.93	2.31	89.41	0.14	10.76	17.28	136.0
1759	176.91	1.65	84.4	0.08	5.75	9.17	123.0
1760	210.29	7.71	65.09	0.06	10.3	21.33	69.0
