	wind_degree	humidity	temp_c
0	270.0	18.0	24.4
1	270.0	18.0	24.4
2	270.0	18.0	24.4
3	270.0	18.0	24.4
4	270.0	18.0	24.4
5	270.0	18.0	24.4
6	270.0	18.0	24.4
7	270.0	18.0	24.4
8	270.0	18.0	24.4
9	270.0	18.0	24.4
10	270.0	18.0	24.4
11	270.0	18.0	24.4
12	270.0	18.0	24.4
13	270.0	18.0	24.4
14	270.0	18.0	24.4
15	270.0	18.0	24.4
16	270.0	18.0	24.4
17	270.0	18.0	24.4
18	270.0	18.0	24.4
19	270.0	18.0	24.4
20	270.0	18.0	24.4
21	270.0	18.0	24.4
22	270.0	18.0	24.4
23	270.0	18.0	24.4
24	270.0	18.0	24.4
25	270.0	18.0	24.4
26	200.0	25.0	21.7
27	270.0	18.0	24.4
28	270.0	18.0	24.4
29	270.0	18.0	24.4
30	270.0	18.0	24.4
31	270.0	18.0	24.4
32	270.0	18.0	24.4
33	270.0	18.0	24.4
34	270.0	18.0	24.4
35	270.0	18.0	24.4
36	200.0	25.0	21.7
37	270.0	18.0	24.4
38	200.0	25.0	21.7
39	270.0	18.0	24.4
40	270.0	18.0	24.4
41	270.0	18.0	24.4
42	270.0	18.0	24.4
43	220.0	24.0	22.8
44	270.0	18.0	24.4
45	270.0	18.0	24.4
46	220.0	24.0	22.8
47	270.0	18.0	24.4
48	270.0	18.0	24.4
49	270.0	18.0	24.4
50	270.0	18.0	24.4
51	270.0	18.0	24.4
52	270.0	18.0	24.4
53	270.0	18.0	24.4
54	270.0	18.0	24.4
55	200.0	25.0	21.7
56	270.0	18.0	24.4
57	270.0	18.0	24.4
58	220.0	24.0	22.8
59	220.0	24.0	22.8
60	270.0	18.0	24.4
61	220.0	24.0	22.8
62	220.0	24.0	22.8
63	270.0	18.0	24.4
64	270.0	18.0	24.4
65	270.0	18.0	24.4
66	270.0	18.0	24.4
67	270.0	18.0	24.4
68	270.0	18.0	24.4
69	220.0	24.0	22.8
70	270.0	18.0	24.4
71	270.0	18.0	24.4
72	270.0	18.0	24.4
73	270.0	18.0	24.4
74	270.0	18.0	24.4
75	270.0	18.0	24.4
76	270.0	18.0	24.4
77	270.0	18.0	24.4
78	270.0	18.0	24.4
79	90.0	7.0	26.9
80	270.0	18.0	24.4
81	270.0	18.0	24.4
82	270.0	18.0	24.4
83	270.0	18.0	24.4
84	270.0	18.0	24.4
85	270.0	18.0	24.4
86	270.0	18.0	24.4
87	270.0	18.0	24.4
88	270.0	18.0	24.4
89	261.0	47.0	20.8
90	200.0	25.0	21.7
91	270.0	18.0	24.4
92	270.0	18.0	24.4
93	261.0	47.0	20.8
94	270.0	18.0	24.4
95	270.0	18.0	24.4
96	270.0	18.0	24.4
97	270.0	18.0	24.4
98	270.0	18.0	24.4
99	220.0	24.0	22.8
100	270.0	18.0	24.4
101	270.0	18.0	24.4
102	270.0	18.0	24.4
103	270.0	18.0	24.4
104	270.0	18.0	24.4
105	270.0	18.0	24.4
106	270.0	18.0	24.4
107	270.0	18.0	24.4
108	270.0	18.0	24.4
109	270.0	18.0	24.4
110	270.0	18.0	24.4
111	270.0	18.0	24.4
112	270.0	18.0	24.4
113	270.0	18.0	24.4
114	270.0	18.0	24.4
115	270.0	18.0	24.4
116	270.0	18.0	24.4
117	270.0	18.0	24.4
118	270.0	18.0	24.4
119	90.0	7.0	26.9
120	90.0	7.0	26.9
121	270.0	13.0	26.1
122	90.0	7.0	26.9
123	90.0	7.0	26.9
124	90.0	7.0	26.9
125	90.0	7.0	26.9
126	90.0	7.0	26.9
127	90.0	7.0	26.9
128	90.0	7.0	26.9
129	270.0	13.0	26.0
130	90.0	7.0	26.9
131	270.0	18.0	24.4
132	90.0	7.0	26.9
133	90.0	7.0	26.9
134	90.0	7.0	26.9
135	90.0	7.0	26.9
136	90.0	7.0	26.9
137	90.0	7.0	26.9
138	80.0	14.0	20.6
139	90.0	7.0	26.9
140	270.0	18.0	24.4
141	90.0	7.0	26.9
142	90.0	7.0	26.9
143	90.0	7.0	26.9
144	90.0	7.0	26.9
145	270.0	18.0	24.4
146	90.0	7.0	26.9
147	90.0	7.0	26.9
148	90.0	7.0	26.9
149	270.0	18.0	24.4
150	90.0	7.0	26.9
151	90.0	7.0	26.9
152	90.0	7.0	26.9
153	270.0	18.0	24.4
154	270.0	18.0	24.4
155	270.0	18.0	24.4
156	270.0	18.0	24.4
157	90.0	7.0	26.9
158	270.0	18.0	24.4
159	90.0	7.0	26.9
160	90.0	7.0	26.9
161	90.0	7.0	26.9
162	270.0	18.0	24.4
163	90.0	7.0	26.9
164	90.0	7.0	26.9
165	270.0	18.0	24.4
166	270.0	18.0	24.4
167	90.0	7.0	26.9
168	90.0	7.0	26.9
169	270.0	18.0	24.4
170	270.0	18.0	24.4
171	250.0	19.0	25.0
172	270.0	14.0	25.4
173	270.0	14.0	25.4
174	270.0	14.0	24.5
175	270.0	14.0	25.0
176	200.0	25.0	21.7
177	270.0	14.0	24.9
178	250.0	19.0	25.0
179	270.0	15.0	24.1
180	270.0	18.0	24.4
181	200.0	25.0	21.7
182	250.0	19.0	25.0
183	250.0	19.0	25.0
184	250.0	19.0	25.0
185	250.0	19.0	25.0
186	250.0	19.0	25.0
187	270.0	18.0	24.4
188	250.0	19.0	25.0
189	270.0	14.0	24.5
190	270.0	18.0	24.4
191	250.0	19.0	25.0
192	250.0	19.0	25.0
193	200.0	25.0	21.7
194	200.0	25.0	21.7
195	250.0	19.0	25.0
196	250.0	19.0	25.0
197	250.0	19.0	25.0
198	20.0	4.0	25.6
199	200.0	25.0	21.7
200	250.0	19.0	25.0
201	20.0	12.0	25.0
202	200.0	25.0	21.7
203	220.0	24.0	22.8
204	200.0	25.0	21.7
205	200.0	25.0	21.7
206	200.0	25.0	21.7
207	200.0	25.0	21.7
208	200.0	25.0	21.7
209	60.0	9.0	25.0
210	20.0	4.0	25.6
211	200.0	25.0	21.7
212	200.0	25.0	21.7
213	200.0	25.0	21.7
214	20.0	12.0	25.0
215	200.0	25.0	21.7
216	220.0	24.0	22.8
217	20.0	4.0	25.6
218	200.0	25.0	21.7
219	200.0	25.0	21.7
220	320.0	5.0	23.0
221	20.0	4.0	25.6
222	320.0	5.0	23.0
223	200.0	25.0	21.7
224	200.0	25.0	21.7
225	20.0	12.0	25.0
226	200.0	25.0	21.7
227	220.0	24.0	22.8
228	60.0	9.0	25.0
229	20.0	12.0	25.0
230	60.0	9.0	25.0
231	200.0	25.0	21.7
232	220.0	24.0	22.8
233	220.0	24.0	22.8
234	60.0	9.0	25.0
235	200.0	25.0	21.7
236	20.0	4.0	25.6
237	20.0	12.0	25.0
238	320.0	5.0	23.0
239	200.0	25.0	21.7
240	200.0	25.0	21.7
241	200.0	25.0	21.7
242	200.0	25.0	21.7
243	200.0	25.0	21.7
244	200.0	25.0	21.7
245	200.0	25.0	21.7
246	200.0	25.0	21.7
247	200.0	25.0	21.7
248	200.0	25.0	21.7
249	200.0	25.0	21.7
250	200.0	25.0	21.7
251	200.0	25.0	21.7
252	200.0	25.0	21.7
253	200.0	25.0	21.7
254	200.0	25.0	21.7
255	200.0	25.0	21.7
256	200.0	25.0	21.7
257	200.0	25.0	21.7
258	200.0	25.0	21.7
259	23.0	9.0	23.9
260	270.0	14.0	25.0
261	270.0	14.0	25.0
262	270.0	16.0	23.7
263	10.0	6.0	28.3
264	37.0	9.0	23.9
265	210.0	10.0	25.0
266	10.0	6.0	28.3
267	10.0	6.0	28.3
268	10.0	6.0	28.3
269	270.0	19.0	21.7
270	10.0	6.0	28.3
271	10.0	6.0	28.3
272	120.0	6.0	27.8
273	270.0	19.0	21.7
274	19.0	9.0	23.9
275	10.0	6.0	28.3
276	210.0	10.0	25.0
277	90.0	7.0	26.9
278	90.0	7.0	26.9
279	10.0	6.0	28.3
280	90.0	7.0	26.9
281	210.0	10.0	25.0
282	29.0	9.0	23.9
283	270.0	18.0	24.4
284	270.0	18.0	24.4
285	36.0	24.0	13.1
286	270.0	17.0	22.8
287	28.0	9.0	23.9
288	270.0	17.0	22.8
289	270.0	17.0	22.8
290	10.0	6.0	28.3
291	210.0	10.0	25.0
292	210.0	10.0	25.0
293	210.0	10.0	25.0
294	270.0	18.0	24.4
295	10.0	6.0	28.3
296	10.0	6.0	28.3
297	10.0	6.0	28.3
298	270.0	14.0	25.4
299	270.0	19.0	21.7
300	28.0	9.0	23.9
301	10.0	6.0	28.3
302	10.0	6.0	28.3
303	10.0	6.0	28.3
304	10.0	6.0	28.3
305	270.0	18.0	24.4
306	120.0	6.0	27.8
307	350.0	7.0	24.0
308	310.0	9.0	23.0
309	55.0	23.0	15.5
310	55.0	23.0	15.5
311	250.0	45.0	20.6
312	250.0	45.0	20.6
313	250.0	45.0	20.6
314	250.0	45.0	20.6
315	250.0	45.0	20.6
316	69.0	25.0	14.2
317	310.0	9.0	23.0
318	69.0	25.0	14.2
319	250.0	45.0	20.6
320	54.0	24.0	15.7
321	310.0	9.0	23.0
322	50.0	7.0	26.7
323	250.0	45.0	20.6
324	250.0	45.0	20.6
325	60.0	24.0	13.0
326	250.0	45.0	20.6
327	69.0	25.0	14.2
328	55.0	16.0	23.1
329	250.0	45.0	20.6
330	50.0	7.0	26.7
331	55.0	16.0	23.1
332	270.0	21.0	23.3
333	65.0	19.0	18.9
334	270.0	21.0	23.3
335	270.0	21.0	23.3
336	270.0	21.0	23.3
337	270.0	21.0	23.3
338	270.0	21.0	23.3
339	270.0	21.0	23.3
340	310.0	9.0	23.0
341	250.0	45.0	20.6
342	310.0	9.0	23.0
343	270.0	21.0	23.3
344	260.0	19.0	22.2
345	270.0	21.0	23.3
346	270.0	21.0	23.3
347	75.0	18.0	23.3
348	270.0	21.0	23.3
349	60.0	24.0	13.0
350	210.0	23.0	22.8
351	310.0	9.0	23.0
352	270.0	21.0	23.3
353	270.0	21.0	23.3
354	270.0	21.0	23.3
355	270.0	21.0	23.3
356	270.0	21.0	23.3
357	50.0	6.0	27.8
358	56.0	22.0	14.6
359	50.0	6.0	27.8
360	50.0	7.0	26.7
361	350.0	7.0	24.0
362	56.0	22.0	14.6
363	270.0	21.0	23.3
364	270.0	21.0	23.3
365	350.0	7.0	24.0
366	50.0	7.0	26.7
367	270.0	21.0	23.3
368	270.0	21.0	23.3
369	270.0	21.0	23.3
370	270.0	21.0	23.3
371	270.0	21.0	23.3
372	270.0	21.0	23.3
373	65.0	19.0	18.9
374	270.0	21.0	23.3
375	210.0	23.0	22.8
376	250.0	45.0	20.6
377	210.0	23.0	22.8
378	210.0	23.0	22.8
379	250.0	45.0	20.6
380	250.0	45.0	20.6
381	210.0	23.0	22.8
382	210.0	23.0	22.8
383	210.0	23.0	22.8
384	210.0	23.0	22.8
385	210.0	23.0	22.8
386	250.0	45.0	20.6
387	250.0	45.0	20.6
388	210.0	23.0	22.8
389	310.0	9.0	23.0
390	250.0	45.0	20.6
391	250.0	45.0	20.6
392	250.0	45.0	20.6
393	250.0	45.0	20.6
394	210.0	23.0	22.8
395	210.0	23.0	22.8
396	250.0	45.0	20.6
397	210.0	23.0	22.8
398	210.0	23.0	22.8
399	260.0	19.0	22.2
400	260.0	19.0	22.2
401	210.0	23.0	22.8
402	270.0	21.0	23.3
403	210.0	23.0	22.8
404	250.0	45.0	20.6
405	210.0	23.0	22.8
406	250.0	45.0	20.6
407	250.0	45.0	20.6
408	210.0	23.0	22.8
409	260.0	19.0	22.2
410	210.0	23.0	22.8
411	250.0	45.0	20.6
412	250.0	45.0	20.6
413	310.0	9.0	23.0
414	330.0	9.0	24.4
415	330.0	9.0	24.4
416	330.0	9.0	24.4
417	330.0	9.0	24.4
418	72.0	24.0	17.4
419	16.0	13.0	24.9
420	160.0	9.0	23.0
421	350.0	12.0	22.2
422	360.0	14.0	25.6
423	72.0	24.0	17.4
424	360.0	14.0	25.6
425	13.0	14.0	25.6
426	360.0	7.0	24.4
427	330.0	9.0	24.4
428	17.0	16.0	20.2
429	360.0	7.0	24.4
430	360.0	7.0	24.4
431	5.0	18.0	22.3
432	360.0	14.0	25.6
433	360.0	14.0	25.6
434	360.0	14.0	25.3
435	360.0	14.0	25.6
436	360.0	15.0	17.8
437	330.0	9.0	24.4
438	330.0	9.0	24.4
439	13.0	25.0	16.6
440	360.0	14.0	25.6
441	360.0	7.0	24.4
442	360.0	19.0	21.3
443	330.0	9.0	24.4
444	360.0	7.0	24.4
445	360.0	7.0	24.4
446	350.0	12.0	22.2
447	358.0	21.0	17.3
448	13.0	25.0	16.6
449	360.0	7.0	24.4
450	360.0	14.0	25.6
451	330.0	9.0	24.4
452	330.0	9.0	24.4
453	360.0	7.0	24.4
454	360.0	15.0	17.8
455	360.0	15.0	17.8
456	5.0	17.0	21.4
457	360.0	14.0	25.6
458	72.0	24.0	17.4
459	16.0	13.0	24.9
460	13.0	25.0	16.6
461	360.0	15.0	17.8
462	50.0	10.0	15.0
463	19.0	16.0	20.3
464	160.0	9.0	23.0
465	50.0	10.0	15.0
466	50.0	10.0	15.0
467	23.0	22.0	16.2
468	350.0	10.0	16.5
469	110.0	9.0	17.8
470	40.0	9.0	23.3
471	80.0	23.0	3.0
472	80.0	23.0	3.0
473	40.0	9.0	23.3
474	160.0	9.0	23.0
475	160.0	9.0	23.0
476	40.0	9.0	23.3
477	40.0	9.0	23.3
478	40.0	9.0	23.3
479	110.0	9.0	17.8
480	357.0	16.0	13.1
481	20.0	20.0	17.1
482	80.0	23.0	3.0
483	28.0	9.0	23.9
484	20.0	9.0	22.8
485	28.0	9.0	23.9
486	13.0	20.0	18.4
487	160.0	9.0	23.0
488	160.0	9.0	23.0
489	50.0	10.0	15.0
490	50.0	10.0	15.0
491	50.0	10.0	15.0
492	12.0	9.0	23.9
493	71.0	18.0	17.9
494	160.0	9.0	23.0
495	20.0	9.0	22.8
496	80.0	23.0	3.0
497	50.0	9.0	22.2
498	160.0	9.0	23.0
499	10.0	14.0	20.0
500	9.0	27.0	13.6
501	110.0	9.0	17.8
502	50.0	10.0	15.0
503	50.0	10.0	15.0
504	50.0	10.0	15.0
505	40.0	9.0	23.3
506	20.0	9.0	22.8
507	40.0	9.0	23.3
508	12.0	9.0	23.9
509	40.0	9.0	23.3
510	160.0	9.0	23.0
511	205.0	23.0	17.0
512	40.0	9.0	23.3
513	80.0	23.0	3.0
514	47.0	26.0	15.4
515	160.0	9.0	23.0
516	50.0	10.0	15.0
517	50.0	10.0	15.0
518	110.0	9.0	17.8
519	48.0	24.0	10.4
520	50.0	10.0	15.0
521	160.0	9.0	23.0
522	20.0	9.0	22.8
523	40.0	9.0	23.3
524	40.0	9.0	23.3
525	20.0	9.0	22.8
526	40.0	9.0	23.3
527	40.0	9.0	23.3
528	20.0	9.0	22.8
529	40.0	9.0	23.3
530	29.0	9.0	23.9
531	20.0	9.0	22.8
532	37.0	9.0	23.9
533	40.0	9.0	23.3
534	40.0	9.0	23.3
535	12.0	9.0	23.9
536	28.0	9.0	23.9
537	12.0	9.0	23.9
538	71.0	18.0	22.5
539	80.0	7.0	21.4
540	55.0	17.0	23.1
541	56.0	22.0	14.6
542	86.0	21.0	20.3
543	86.0	21.0	20.3
544	160.0	9.0	23.0
545	160.0	9.0	23.0
546	360.0	7.0	24.4
547	20.0	9.0	22.8
548	20.0	9.0	22.8
549	20.0	9.0	22.8
550	40.0	9.0	23.3
551	330.0	9.0	24.4
552	71.0	9.0	23.9
553	71.0	9.0	23.9
554	360.0	7.0	24.4
555	80.0	7.0	21.4
556	20.0	9.0	22.8
557	160.0	9.0	23.0
558	86.0	21.0	20.3
559	360.0	7.0	24.4
560	80.0	7.0	21.4
561	80.0	7.0	21.4
562	20.0	9.0	22.8
563	50.0	6.0	27.8
564	71.0	18.0	22.5
565	75.0	18.0	23.3
566	71.0	18.0	22.5
567	86.0	21.0	20.3
568	90.0	7.0	26.9
569	90.0	7.0	26.9
570	90.0	7.0	26.9
571	90.0	7.0	26.9
572	90.0	7.0	26.9
573	90.0	7.0	26.9
574	90.0	7.0	26.9
575	90.0	7.0	26.9
576	90.0	7.0	26.9
577	50.0	5.0	27.2
578	344.0	23.0	25.8
579	90.0	7.0	26.9
580	50.0	5.0	27.2
581	90.0	7.0	26.9
582	344.0	55.0	20.0
583	90.0	7.0	26.9
584	50.0	5.0	27.2
585	90.0	7.0	26.9
586	90.0	7.0	26.9
587	90.0	7.0	26.9
588	90.0	7.0	26.9
589	50.0	5.0	27.2
590	50.0	5.0	27.2
591	90.0	7.0	26.9
592	50.0	5.0	27.2
593	90.0	7.0	26.9
594	50.0	5.0	27.2
595	90.0	7.0	26.9
596	50.0	5.0	27.2
597	90.0	7.0	26.9
598	344.0	55.0	20.0
599	344.0	23.0	25.8
600	344.0	55.0	20.0
601	50.0	5.0	27.2
602	344.0	23.0	25.8
603	50.0	5.0	27.2
604	50.0	5.0	27.2
605	90.0	7.0	26.9
606	50.0	5.0	27.2
607	50.0	5.0	27.2
608	50.0	5.0	27.2
609	50.0	5.0	27.2
610	90.0	7.0	26.9
611	90.0	7.0	26.9
612	90.0	7.0	26.9
613	50.0	5.0	27.2
614	90.0	7.0	26.9
615	90.0	7.0	26.9
616	90.0	7.0	26.9
617	90.0	7.0	26.9
618	90.0	7.0	26.9
619	90.0	7.0	26.9
620	90.0	7.0	26.9
621	90.0	7.0	26.9
622	90.0	7.0	26.9
623	90.0	7.0	26.9
624	50.0	5.0	27.2
625	90.0	7.0	26.9
626	90.0	7.0	26.9
627	10.0	6.0	28.3
628	90.0	7.0	26.9
629	90.0	7.0	26.9
630	90.0	7.0	26.9
631	90.0	7.0	26.9
632	90.0	7.0	26.9
633	90.0	7.0	26.9
634	90.0	7.0	26.9
635	90.0	7.0	26.9
636	90.0	7.0	26.9
637	37.0	9.0	23.9
638	90.0	7.0	26.9
639	90.0	7.0	26.9
640	90.0	7.0	26.9
641	90.0	7.0	26.9
642	90.0	7.0	26.9
643	90.0	7.0	26.9
644	90.0	7.0	26.9
645	37.0	9.0	23.9
646	37.0	9.0	23.9
647	37.0	9.0	23.9
648	54.0	9.0	23.9
649	47.0	9.0	23.9
650	10.0	6.0	28.3
651	10.0	6.0	28.3
652	60.0	9.0	25.0
653	60.0	9.0	25.0
654	60.0	9.0	25.0
655	60.0	9.0	25.0
656	60.0	9.0	25.0
657	117.0	12.0	24.3
658	60.0	7.0	25.0
659	60.0	7.0	25.0
660	70.0	7.0	25.0
661	70.0	7.0	25.0
662	60.0	9.0	25.0
663	60.0	9.0	25.0
664	60.0	9.0	25.0
665	60.0	9.0	25.0
666	60.0	9.0	25.0
667	60.0	9.0	25.0
668	60.0	9.0	25.0
669	60.0	9.0	25.0
670	60.0	9.0	25.0
671	20.0	12.0	25.0
672	20.0	12.0	25.0
673	60.0	7.0	25.0
674	60.0	9.0	25.0
675	240.0	24.0	22.8
676	240.0	24.0	22.8
677	240.0	24.0	22.8
678	240.0	24.0	22.8
679	240.0	24.0	22.8
680	240.0	24.0	22.8
681	240.0	24.0	22.8
682	240.0	24.0	22.8
683	240.0	24.0	22.8
684	161.0	28.0	21.9
685	10.0	27.0	20.6
686	151.0	11.0	27.1
687	150.0	20.0	22.8
688	114.0	19.0	14.3
689	115.0	14.0	23.6
690	196.0	18.0	20.7
691	219.0	24.0	18.0
692	152.0	21.0	20.4
693	10.0	27.0	20.6
694	3.0	27.0	21.2
695	320.0	27.0	22.2
696	320.0	27.0	22.2
697	140.0	7.0	26.1
698	10.0	29.0	21.1
699	92.0	15.0	14.6
700	10.0	29.0	21.1
701	89.0	11.0	25.0
702	82.0	17.0	13.3
703	99.0	17.0	15.8
704	10.0	27.0	20.6
705	10.0	27.0	20.6
706	10.0	29.0	21.1
707	114.0	19.0	14.3
708	150.0	20.0	22.8
709	114.0	19.0	14.3
710	140.0	7.0	26.1
711	10.0	27.0	20.6
712	50.0	12.0	12.2
713	251.0	29.0	22.7
714	10.0	27.0	20.6
715	320.0	27.0	22.2
716	112.0	22.0	22.6
717	3.0	27.0	21.2
718	115.0	14.0	23.6
719	89.0	11.0	25.0
720	16.0	11.0	22.8
721	86.0	19.0	16.7
722	320.0	27.0	22.2
723	320.0	27.0	22.2
724	320.0	27.0	22.2
725	196.0	18.0	20.7
726	320.0	27.0	22.2
727	251.0	34.0	16.3
728	140.0	7.0	26.1
729	320.0	27.0	22.2
730	10.0	27.0	20.6
731	320.0	27.0	22.2
732	89.0	11.0	25.0
733	320.0	27.0	22.2
734	282.0	29.0	22.2
735	10.0	29.0	21.1
736	10.0	27.0	20.6
737	140.0	7.0	26.1
738	10.0	27.0	20.6
739	65.0	24.0	23.0
740	114.0	19.0	14.3
741	196.0	18.0	20.7
742	10.0	27.0	20.6
743	270.0	25.0	21.0
744	10.0	27.0	20.6
745	10.0	29.0	21.1
746	140.0	7.0	26.1
747	140.0	7.0	26.1
748	151.0	11.0	27.1
749	140.0	7.0	26.1
750	140.0	7.0	26.1
751	140.0	7.0	26.1
752	140.0	7.0	26.1
753	140.0	7.0	26.1
754	140.0	7.0	26.1
755	151.0	11.0	27.1
756	140.0	7.0	26.1
757	250.0	20.0	23.3
758	250.0	20.0	23.3
759	250.0	20.0	23.3
760	250.0	20.0	23.3
761	250.0	20.0	23.3
762	250.0	20.0	23.3
763	250.0	20.0	23.3
764	169.0	17.0	23.4
765	160.0	16.0	24.4
766	196.0	32.0	21.7
767	160.0	16.0	24.4
768	208.0	49.0	18.5
769	330.0	15.0	23.9
770	250.0	20.0	23.3
771	310.0	27.0	22.8
772	160.0	16.0	24.4
773	160.0	16.0	24.4
774	160.0	16.0	24.4
775	210.0	10.0	24.0
776	250.0	20.0	23.3
777	250.0	20.0	23.3
778	310.0	27.0	22.8
779	330.0	15.0	23.9
780	250.0	20.0	23.3
781	143.0	19.0	24.3
782	330.0	15.0	23.9
783	208.0	49.0	18.5
784	250.0	20.0	23.3
785	310.0	27.0	22.8
786	160.0	16.0	24.4
787	250.0	20.0	23.3
788	210.0	10.0	24.0
789	52.0	16.0	24.1
790	210.0	10.0	24.0
791	330.0	15.0	23.9
792	80.0	8.0	17.9
793	70.0	6.0	18.7
794	80.0	10.0	18.3
795	10.0	33.0	6.0
796	320.0	7.0	18.9
797	320.0	7.0	18.9
798	70.0	6.0	18.7
799	73.0	59.0	8.6
800	130.0	9.0	14.0
801	62.0	16.0	18.1
802	70.0	7.0	20.6
803	71.0	18.0	17.9
804	70.0	6.0	18.7
805	321.0	35.0	7.9
806	70.0	7.0	20.6
807	94.0	15.0	14.2
808	10.0	33.0	6.0
809	358.0	22.0	9.1
810	132.0	11.0	26.2
811	80.0	8.0	17.9
812	80.0	10.0	18.3
813	80.0	8.0	17.9
814	80.0	10.0	18.3
815	104.0	79.0	4.2
816	80.0	9.0	17.8
817	63.0	22.0	14.0
818	358.0	22.0	9.1
819	10.0	33.0	6.0
820	358.0	22.0	9.1
821	80.0	10.0	18.3
822	80.0	10.0	18.3
823	80.0	10.0	18.3
824	80.0	9.0	17.8
825	94.0	15.0	14.2
826	70.0	7.0	20.6
827	71.0	18.0	17.9
828	80.0	10.0	18.3
829	130.0	9.0	14.0
830	70.0	7.0	20.6
831	63.0	22.0	14.0
832	80.0	10.0	18.3
833	70.0	7.0	20.6
834	209.0	30.0	19.8
835	215.0	32.0	20.6
836	251.0	31.0	19.5
837	224.0	33.0	19.5
838	256.0	41.0	11.9
839	160.0	24.0	21.1
840	140.0	29.0	20.2
841	10.0	27.0	20.6
842	280.0	40.0	18.3
843	110.0	25.0	20.6
844	110.0	25.0	20.6
845	224.0	33.0	19.5
846	10.0	29.0	21.1
847	110.0	25.0	20.6
848	10.0	29.0	21.1
849	110.0	25.0	20.6
850	130.0	34.0	21.7
851	251.0	31.0	19.5
852	130.0	31.0	22.0
853	218.0	32.0	17.3
854	10.0	27.0	20.6
855	110.0	25.0	20.6
856	110.0	25.0	20.6
857	155.0	28.0	22.8
858	251.0	31.0	19.5
859	160.0	24.0	21.1
860	10.0	27.0	20.6
861	251.0	31.0	19.5
862	215.0	32.0	20.6
863	130.0	34.0	21.7
864	140.0	29.0	20.2
865	160.0	24.0	21.1
866	160.0	24.0	21.1
867	130.0	31.0	22.0
868	251.0	31.0	19.5
869	215.0	32.0	20.6
870	224.0	33.0	19.5
871	224.0	33.0	19.5
872	10.0	27.0	20.6
873	110.0	25.0	20.6
874	10.0	29.0	21.1
875	110.0	25.0	20.6
876	224.0	33.0	19.5
877	155.0	28.0	22.8
878	178.0	30.0	21.1
879	207.0	29.0	22.6
880	10.0	27.0	20.6
881	110.0	25.0	20.6
882	155.0	28.0	22.8
883	10.0	27.0	20.6
884	215.0	32.0	20.6
885	130.0	34.0	21.7
886	10.0	29.0	21.1
887	224.0	33.0	19.5
888	130.0	31.0	22.0
889	215.0	32.0	20.6
890	10.0	27.0	20.6
891	207.0	29.0	22.6
892	110.0	25.0	20.6
893	110.0	25.0	20.6
894	110.0	25.0	20.6
895	110.0	25.0	20.6
896	110.0	25.0	20.6
897	110.0	25.0	20.6
898	110.0	25.0	20.6
899	110.0	25.0	20.6
900	110.0	25.0	20.6
901	10.0	27.0	20.6
902	160.0	24.0	21.1
903	10.0	27.0	20.6
904	110.0	25.0	20.6
905	110.0	25.0	20.6
906	10.0	27.0	20.6
907	110.0	25.0	20.6
908	110.0	25.0	20.6
909	320.0	28.0	21.7
910	320.0	28.0	21.7
911	320.0	28.0	21.7
912	320.0	28.0	21.7
913	320.0	28.0	21.7
914	132.0	21.0	25.6
915	320.0	28.0	21.7
916	320.0	28.0	21.7
917	320.0	28.0	21.7
918	320.0	28.0	21.7
919	320.0	28.0	21.7
920	132.0	21.0	25.6
921	143.0	19.0	24.3
922	143.0	19.0	24.3
923	169.0	17.0	23.4
924	320.0	28.0	21.7
925	320.0	28.0	21.7
926	320.0	28.0	21.7
927	320.0	28.0	21.7
928	320.0	28.0	21.7
929	143.0	19.0	24.3
930	320.0	28.0	21.7
931	132.0	21.0	25.6
932	320.0	28.0	21.7
933	10.0	37.0	18.0
934	10.0	37.0	18.0
935	10.0	37.0	18.0
936	10.0	37.0	18.0
937	10.0	37.0	18.0
938	10.0	37.0	18.0
939	10.0	37.0	18.0
940	350.0	40.0	19.0
941	10.0	37.0	18.0
942	10.0	37.0	18.0
943	10.0	37.0	18.0
944	10.0	37.0	18.0
945	10.0	37.0	18.0
946	10.0	37.0	18.0
947	10.0	37.0	18.0
948	10.0	37.0	18.0
949	10.0	37.0	18.0
950	10.0	37.0	18.0
951	350.0	40.0	19.0
952	10.0	37.0	18.0
953	350.0	40.0	19.0
954	10.0	37.0	18.0
955	10.0	37.0	18.0
956	10.0	37.0	18.0
957	10.0	37.0	18.0
958	10.0	37.0	18.0
959	10.0	37.0	18.0
960	10.0	37.0	18.0
961	10.0	37.0	18.0
962	10.0	37.0	18.0
963	350.0	40.0	19.0
964	350.0	40.0	19.0
965	350.0	40.0	19.0
966	280.0	40.0	18.3
967	280.0	40.0	18.3
968	280.0	40.0	18.3
969	280.0	40.0	18.3
970	280.0	40.0	18.3
971	150.0	37.0	19.0
972	150.0	37.0	19.0
973	280.0	40.0	18.3
974	280.0	40.0	18.3
975	280.0	40.0	18.3
976	280.0	40.0	18.3
977	10.0	37.0	18.0
978	280.0	40.0	18.3
979	280.0	40.0	18.3
980	280.0	40.0	18.3
981	280.0	40.0	18.3
982	280.0	40.0	18.3
983	280.0	40.0	18.3
984	280.0	40.0	18.3
985	280.0	40.0	18.3
986	10.0	37.0	18.0
987	280.0	40.0	18.3
988	280.0	40.0	18.3
989	280.0	40.0	18.3
990	280.0	40.0	18.3
991	150.0	37.0	19.0
992	10.0	37.0	18.0
993	280.0	40.0	18.3
994	10.0	37.0	18.0
995	10.0	37.0	18.0
996	10.0	37.0	18.0
997	10.0	37.0	18.0
998	10.0	37.0	18.0
999	10.0	37.0	18.0
1000	10.0	37.0	18.0
1001	10.0	37.0	18.0
1002	10.0	37.0	18.0
1003	10.0	37.0	18.0
1004	10.0	37.0	18.0
1005	60.0	33.0	19.4
1006	50.0	41.0	17.8
1007	280.0	40.0	18.3
1008	280.0	40.0	18.3
1009	51.0	30.0	19.6
1010	60.0	33.0	19.4
1011	60.0	33.0	19.4
1012	60.0	33.0	19.4
1013	60.0	33.0	19.4
1014	60.0	33.0	19.4
1015	50.0	41.0	17.8
1016	180.0	26.0	22.2
1017	280.0	40.0	18.3
1018	280.0	40.0	18.3
1019	280.0	40.0	18.3
1020	60.0	33.0	19.4
1021	60.0	33.0	19.4
1022	60.0	33.0	19.4
1023	60.0	33.0	19.4
1024	60.0	33.0	19.4
1025	280.0	40.0	18.3
1026	280.0	40.0	18.3
1027	280.0	40.0	18.3
1028	60.0	33.0	19.4
1029	60.0	33.0	19.4
1030	100.0	28.0	21.1
1031	100.0	28.0	21.1
1032	350.0	40.0	19.0
1033	350.0	40.0	19.0
1034	350.0	40.0	19.0
1035	10.0	37.0	18.0
1036	10.0	37.0	18.0
1037	10.0	37.0	18.0
1038	10.0	37.0	18.0
1039	10.0	37.0	18.0
1040	150.0	37.0	19.0
1041	86.0	46.0	19.3
1042	280.0	40.0	18.3
1043	50.0	41.0	17.8
1044	50.0	41.0	17.8
1045	10.0	37.0	18.0
1046	280.0	40.0	18.3
1047	10.0	37.0	18.0
1048	280.0	40.0	18.3
1049	100.0	28.0	21.1
1050	150.0	37.0	19.0
1051	350.0	40.0	19.0
1052	60.0	33.0	19.4
1053	280.0	40.0	18.3
1054	150.0	37.0	19.0
1055	60.0	33.0	19.4
1056	350.0	40.0	19.0
1057	25.0	28.0	18.3
1058	280.0	40.0	18.3
1059	60.0	33.0	19.4
1060	50.0	28.0	21.4
1061	150.0	37.0	19.0
1062	100.0	28.0	21.1
1063	84.0	28.0	21.9
1064	280.0	40.0	18.3
1065	51.0	30.0	19.6
1066	10.0	37.0	18.0
1067	10.0	37.0	18.0
1068	10.0	37.0	18.0
1069	10.0	37.0	18.0
1070	280.0	40.0	18.3
1071	280.0	40.0	18.3
1072	100.0	28.0	21.1
1073	10.0	37.0	18.0
1074	10.0	37.0	18.0
1075	270.0	37.0	19.4
1076	150.0	37.0	19.0
1077	150.0	37.0	19.0
1078	60.0	33.0	19.4
1079	150.0	37.0	19.0
1080	60.0	33.0	19.4
1081	280.0	40.0	18.3
1082	60.0	33.0	19.4
1083	280.0	40.0	18.3
1084	100.0	28.0	21.1
1085	10.0	37.0	18.0
1086	280.0	40.0	18.3
1087	10.0	37.0	18.0
1088	10.0	37.0	18.0
1089	10.0	37.0	18.0
1090	280.0	40.0	18.3
1091	280.0	40.0	18.3
1092	280.0	40.0	18.3
1093	280.0	40.0	18.3
1094	280.0	40.0	18.3
1095	280.0	40.0	18.3
1096	280.0	40.0	18.3
1097	10.0	37.0	18.0
1098	10.0	37.0	18.0
1099	10.0	37.0	18.0
1100	60.0	33.0	19.4
1101	280.0	40.0	18.3
1102	280.0	40.0	18.3
1103	280.0	40.0	18.3
1104	280.0	40.0	18.3
1105	280.0	40.0	18.3
1106	280.0	40.0	18.3
1107	280.0	40.0	18.3
1108	60.0	33.0	19.4
1109	280.0	40.0	18.3
1110	150.0	37.0	19.0
1111	280.0	40.0	18.3
1112	280.0	40.0	18.3
1113	280.0	40.0	18.3
1114	280.0	40.0	18.3
1115	280.0	40.0	18.3
1116	150.0	37.0	19.0
1117	150.0	37.0	19.0
1118	150.0	37.0	19.0
1119	280.0	40.0	18.3
1120	180.0	26.0	22.2
1121	180.0	26.0	22.2
1122	150.0	37.0	19.0
1123	280.0	40.0	18.3
1124	150.0	37.0	19.0
1125	113.0	22.0	22.7
1126	280.0	40.0	18.3
1127	150.0	37.0	19.0
1128	150.0	37.0	19.0
1129	150.0	37.0	19.0
1130	150.0	37.0	19.0
1131	280.0	40.0	18.3
1132	104.0	23.0	23.3
1133	280.0	40.0	18.3
1134	150.0	37.0	19.0
1135	150.0	37.0	19.0
1136	150.0	37.0	19.0
1137	150.0	37.0	19.0
1138	150.0	37.0	19.0
1139	180.0	26.0	22.2
1140	150.0	37.0	19.0
1141	180.0	26.0	22.2
1142	150.0	37.0	19.0
1143	280.0	40.0	18.3
1144	280.0	40.0	18.3
1145	280.0	40.0	18.3
1146	280.0	40.0	18.3
1147	280.0	40.0	18.3
1148	280.0	40.0	18.3
1149	180.0	26.0	22.2
1150	180.0	26.0	22.2
1151	150.0	37.0	19.0
1152	10.0	37.0	18.0
1153	270.0	26.0	21.1
1154	320.0	28.0	21.7
1155	193.0	43.0	21.2
1156	350.0	37.0	20.0
1157	193.0	43.0	21.2
1158	10.0	37.0	18.0
1159	270.0	26.0	21.1
1160	320.0	28.0	21.7
1161	350.0	40.0	19.0
1162	10.0	37.0	18.0
1163	193.0	43.0	21.2
1164	270.0	26.0	21.1
1165	270.0	26.0	21.1
1166	270.0	26.0	21.1
1167	320.0	28.0	21.7
1168	350.0	40.0	19.0
1169	350.0	37.0	20.0
1170	10.0	37.0	18.0
1171	10.0	37.0	18.0
1172	270.0	26.0	21.1
1173	270.0	26.0	21.1
1174	270.0	26.0	21.1
1175	110.0	63.0	9.5
1176	320.0	28.0	21.7
1177	270.0	26.0	21.1
1178	10.0	37.0	18.0
1179	10.0	37.0	18.0
1180	350.0	40.0	19.0
1181	10.0	37.0	18.0
1182	270.0	26.0	21.1
1183	270.0	26.0	21.1
1184	270.0	26.0	21.1
1185	270.0	26.0	21.1
1186	270.0	26.0	21.1
1187	350.0	37.0	20.0
1188	270.0	26.0	21.1
1189	10.0	29.0	22.0
1190	270.0	26.0	21.1
1191	350.0	40.0	19.0
1192	350.0	40.0	19.0
1193	350.0	40.0	19.0
1194	350.0	40.0	19.0
1195	350.0	40.0	19.0
1196	350.0	40.0	19.0
1197	350.0	37.0	20.0
1198	25.0	25.0	22.8
1199	350.0	40.0	19.0
1200	350.0	40.0	19.0
1201	350.0	40.0	19.0
1202	25.0	25.0	22.8
1203	10.0	37.0	18.0
1204	350.0	40.0	19.0
1205	25.0	25.0	22.8
1206	350.0	40.0	19.0
1207	350.0	40.0	19.0
1208	350.0	37.0	20.0
1209	10.0	37.0	18.0
1210	350.0	40.0	19.0
1211	350.0	40.0	19.0
1212	350.0	40.0	19.0
1213	350.0	40.0	19.0
1214	350.0	40.0	19.0
1215	350.0	37.0	20.0
1216	350.0	40.0	19.0
1217	350.0	40.0	19.0
1218	350.0	40.0	19.0
1219	350.0	40.0	19.0
1220	110.0	32.0	20.0
1221	110.0	32.0	20.0
1222	110.0	32.0	20.0
1223	110.0	32.0	20.0
1224	110.0	32.0	20.0
1225	110.0	32.0	20.0
1226	110.0	32.0	20.0
1227	110.0	32.0	20.0
1228	110.0	32.0	20.0
1229	110.0	32.0	20.0
1230	110.0	32.0	20.0
1231	110.0	32.0	20.0
1232	110.0	32.0	20.0
1233	170.0	23.0	20.0
1234	170.0	23.0	20.0
1235	170.0	23.0	20.0
1236	267.0	38.0	20.3
1237	267.0	38.0	20.3
1238	106.0	43.0	20.2
1239	170.0	23.0	20.0
1240	110.0	32.0	20.0
1241	50.0	41.0	17.8
1242	239.0	32.0	20.0
1243	170.0	23.0	20.0
1244	110.0	32.0	20.0
1245	110.0	32.0	20.0
1246	110.0	32.0	20.0
1247	110.0	32.0	20.0
1248	110.0	32.0	20.0
1249	239.0	32.0	20.0
1250	170.0	23.0	20.0
1251	170.0	23.0	20.0
1252	239.0	32.0	20.0
1253	170.0	23.0	20.0
1254	170.0	23.0	20.0
1255	248.0	41.0	20.1
1256	248.0	41.0	20.1
1257	239.0	32.0	20.0
1258	239.0	32.0	20.0
1259	110.0	32.0	20.0
1260	280.0	40.0	18.3
1261	280.0	40.0	18.3
1262	110.0	32.0	20.0
1263	170.0	23.0	20.0
1264	233.0	29.0	20.6
1265	10.0	35.0	17.8
1266	170.0	23.0	20.0
1267	231.0	29.0	22.2
1268	280.0	40.0	18.3
1269	10.0	35.0	17.8
1270	10.0	35.0	17.8
1271	10.0	35.0	17.8
1272	280.0	40.0	18.3
1273	233.0	29.0	20.6
1274	10.0	35.0	17.8
1275	110.0	32.0	20.0
1276	170.0	23.0	20.0
1277	133.0	38.0	20.0
1278	10.0	35.0	17.8
1279	10.0	35.0	17.8
1280	178.0	30.0	21.1
1281	10.0	35.0	17.8
1282	170.0	23.0	20.0
1283	10.0	35.0	17.8
1284	231.0	29.0	22.2
1285	110.0	32.0	20.0
1286	280.0	40.0	18.3
1287	280.0	40.0	18.3
1288	170.0	23.0	20.0
1289	110.0	32.0	20.0
1290	50.0	41.0	17.8
1291	233.0	29.0	20.6
1292	280.0	40.0	18.3
1293	280.0	40.0	18.3
1294	233.0	29.0	20.6
1295	170.0	23.0	20.0
1296	280.0	40.0	18.3
1297	10.0	35.0	17.8
1298	10.0	35.0	17.8
1299	10.0	35.0	17.8
1300	10.0	35.0	17.8
1301	110.0	32.0	20.0
1302	10.0	35.0	17.8
1303	10.0	35.0	17.8
1304	133.0	38.0	20.0
1305	10.0	35.0	17.8
1306	10.0	35.0	17.8
1307	358.0	41.0	14.9
1308	280.0	40.0	18.3
1309	110.0	32.0	20.0
1310	10.0	35.0	17.8
1311	110.0	32.0	20.0
1312	280.0	40.0	18.3
1313	170.0	23.0	20.0
1314	170.0	23.0	20.0
1315	145.0	33.0	22.2
1316	358.0	41.0	14.9
1317	110.0	32.0	20.0
1318	110.0	32.0	20.0
1319	170.0	23.0	20.0
1320	10.0	35.0	17.8
1321	10.0	35.0	17.8
1322	170.0	23.0	20.0
1323	50.0	41.0	17.8
1324	10.0	35.0	17.8
1325	110.0	32.0	20.0
1326	280.0	40.0	18.3
1327	218.0	32.0	17.3
1328	50.0	41.0	17.8
1329	180.0	26.0	22.2
1330	180.0	26.0	22.2
1331	180.0	26.0	22.2
1332	150.0	37.0	19.0
1333	150.0	37.0	19.0
1334	180.0	26.0	22.2
1335	60.0	87.0	9.1
1336	127.0	21.0	24.0
1337	10.0	27.0	21.7
1338	229.0	33.0	20.4
1339	160.0	85.0	11.8
1340	180.0	26.0	22.2
1341	73.0	26.0	17.1
1342	73.0	26.0	17.1
1343	180.0	26.0	22.2
1344	73.0	26.0	17.1
1345	160.0	85.0	11.8
1346	216.0	28.0	21.1
1347	216.0	28.0	21.1
1348	180.0	26.0	22.2
1349	150.0	37.0	19.0
1350	160.0	85.0	11.8
1351	106.0	24.0	20.9
1352	180.0	26.0	22.2
1353	160.0	85.0	11.8
1354	180.0	26.0	22.2
1355	180.0	26.0	22.2
1356	180.0	26.0	22.2
1357	73.0	26.0	17.1
1358	180.0	26.0	22.2
1359	153.0	68.0	14.2
1360	180.0	26.0	22.2
1361	180.0	26.0	22.2
1362	10.0	27.0	21.7
1363	113.0	22.0	22.7
1364	73.0	26.0	17.1
1365	150.0	37.0	19.0
1366	10.0	27.0	21.7
1367	229.0	33.0	20.4
1368	160.0	85.0	11.8
1369	73.0	26.0	17.1
1370	73.0	26.0	17.1
1371	153.0	68.0	14.2
1372	160.0	85.0	11.8
1373	73.0	26.0	17.1
1374	180.0	26.0	22.2
1375	188.0	24.0	24.4
1376	73.0	26.0	17.1
1377	180.0	26.0	22.2
1378	10.0	27.0	21.7
1379	73.0	26.0	17.1
1380	153.0	68.0	14.2
1381	10.0	27.0	21.7
1382	10.0	27.0	21.7
1383	180.0	26.0	22.2
1384	180.0	26.0	22.2
1385	180.0	26.0	22.2
1386	10.0	27.0	21.7
1387	10.0	27.0	21.7
1388	180.0	26.0	22.2
1389	177.0	76.0	13.0
1390	10.0	27.0	21.7
1391	180.0	26.0	22.2
1392	10.0	27.0	21.7
1393	10.0	27.0	21.7
1394	237.0	46.0	17.5
1395	180.0	41.0	17.2
1396	180.0	41.0	17.2
1397	225.0	33.0	19.8
1398	240.0	28.0	22.2
1399	180.0	41.0	17.2
1400	180.0	41.0	17.2
1401	180.0	41.0	17.2
1402	180.0	41.0	17.2
1403	98.0	21.0	21.6
1404	98.0	21.0	21.6
1405	280.0	35.0	21.0
1406	340.0	57.0	13.9
1407	252.0	69.0	15.6
1408	180.0	41.0	17.2
1409	252.0	69.0	15.6
1410	225.0	33.0	19.8
1411	303.0	56.0	16.4
1412	225.0	33.0	19.8
1413	355.0	23.0	25.0
1414	225.0	33.0	19.8
1415	299.0	41.0	21.7
1416	180.0	41.0	17.2
1417	252.0	69.0	15.6
1418	252.0	69.0	15.6
1419	85.0	22.0	18.7
1420	117.0	74.0	13.1
1421	183.0	42.0	18.3
1422	225.0	74.0	14.9
1423	355.0	23.0	25.0
1424	225.0	33.0	19.8
1425	46.0	32.0	12.2
1426	225.0	33.0	19.8
1427	225.0	33.0	19.8
1428	98.0	21.0	21.6
1429	180.0	41.0	17.2
1430	225.0	33.0	19.8
1431	340.0	57.0	13.9
1432	355.0	23.0	25.0
1433	225.0	33.0	19.8
1434	180.0	41.0	17.2
1435	225.0	33.0	19.8
1436	236.0	24.0	24.0
1437	237.0	30.0	20.2
1438	117.0	74.0	13.1
1439	117.0	74.0	13.1
1440	225.0	27.0	20.8
1441	170.0	23.0	20.0
1442	310.0	37.0	18.0
1443	310.0	37.0	18.0
1444	310.0	37.0	18.0
1445	10.0	33.0	20.0
1446	17.0	29.0	19.8
1447	17.0	29.0	19.8
1448	10.0	33.0	20.0
1449	10.0	33.0	20.0
1450	230.0	32.0	20.0
1451	310.0	37.0	18.0
1452	358.0	45.0	20.5
1453	10.0	33.0	20.0
1454	10.0	33.0	20.0
1455	10.0	21.0	19.0
1456	50.0	28.0	21.4
1457	10.0	33.0	20.0
1458	10.0	21.0	19.0
1459	240.0	35.0	19.0
1460	50.0	28.0	21.4
1461	10.0	33.0	20.0
1462	29.0	32.0	20.2
1463	10.0	33.0	20.0
1464	10.0	21.0	19.0
1465	240.0	35.0	19.0
1466	10.0	37.0	19.0
1467	106.0	43.0	20.2
1468	10.0	37.0	19.0
1469	10.0	37.0	19.0
1470	310.0	37.0	18.0
1471	10.0	21.0	19.0
1472	17.0	29.0	19.8
1473	230.0	32.0	20.0
1474	358.0	45.0	20.5
1475	249.0	33.0	23.5
1476	86.0	46.0	19.3
1477	267.0	37.0	20.0
1478	10.0	33.0	20.0
1479	84.0	33.0	10.0
1480	240.0	35.0	19.0
1481	240.0	35.0	19.0
1482	10.0	37.0	19.0
1483	10.0	33.0	20.0
1484	15.0	36.0	18.3
1485	358.0	45.0	20.5
1486	310.0	37.0	18.0
1487	10.0	33.0	20.0
1488	10.0	33.0	20.0
1489	240.0	35.0	19.0
1490	240.0	35.0	19.0
1491	240.0	35.0	19.0
1492	10.0	37.0	19.0
1493	170.0	23.0	20.0
1494	170.0	23.0	20.0
1495	10.0	21.0	19.0
1496	10.0	33.0	20.0
1497	10.0	21.0	19.0
1498	10.0	33.0	20.0
1499	10.0	37.0	19.0
1500	10.0	33.0	20.0
1501	10.0	39.0	18.0
1502	10.0	21.0	19.0
1503	240.0	35.0	19.0
1504	10.0	33.0	20.0
1505	351.0	27.0	19.0
1506	85.0	45.0	19.6
1507	10.0	39.0	18.0
1508	10.0	21.0	19.0
1509	10.0	33.0	20.0
1510	10.0	21.0	19.0
1511	267.0	37.0	20.0
1512	106.0	43.0	20.2
1513	50.0	28.0	21.4
1514	50.0	28.0	21.4
1515	170.0	23.0	20.0
1516	68.0	44.0	17.3
1517	10.0	33.0	20.0
1518	10.0	39.0	18.0
1519	230.0	32.0	20.0
1520	29.0	32.0	20.2
1521	10.0	33.0	20.0
1522	10.0	33.0	20.0
1523	335.0	31.0	18.9
1524	267.0	37.0	20.0
1525	10.0	14.0	17.2
1526	10.0	37.0	19.0
1527	10.0	21.0	19.0
1528	10.0	37.0	19.0
1529	310.0	37.0	18.0
1530	10.0	14.0	17.2
1531	10.0	37.0	19.0
1532	84.0	33.0	10.0
1533	92.0	33.0	10.0
1534	310.0	37.0	18.0
1535	85.0	54.0	8.6
1536	10.0	21.0	19.0
1537	10.0	14.0	17.2
1538	90.0	33.0	10.0
1539	310.0	37.0	18.0
1540	10.0	33.0	20.0
1541	240.0	35.0	19.0
1542	10.0	33.0	20.0
1543	230.0	32.0	20.0
1544	240.0	35.0	19.0
1545	10.0	33.0	20.0
1546	240.0	35.0	19.0
1547	15.0	36.0	18.3
1548	10.0	33.0	20.0
1549	10.0	33.0	20.0
1550	10.0	33.0	20.0
1551	10.0	33.0	20.0
1552	10.0	33.0	20.0
1553	10.0	33.0	20.0
1554	10.0	33.0	20.0
1555	10.0	33.0	20.0
1556	10.0	33.0	20.0
1557	10.0	33.0	20.0
1558	10.0	33.0	20.0
1559	10.0	33.0	20.0
1560	10.0	33.0	20.0
1561	10.0	33.0	20.0
1562	10.0	33.0	20.0
1563	10.0	33.0	20.0
1564	10.0	33.0	20.0
1565	10.0	33.0	20.0
1566	10.0	33.0	20.0
1567	10.0	33.0	20.0
1568	10.0	33.0	20.0
1569	10.0	33.0	20.0
1570	10.0	33.0	20.0
1571	10.0	33.0	20.0
1572	10.0	33.0	20.0
1573	10.0	33.0	20.0
1574	10.0	33.0	20.0
1575	10.0	33.0	20.0
1576	10.0	33.0	20.0
1577	10.0	39.0	18.0
1578	10.0	39.0	18.0
1579	10.0	14.0	17.2
1580	344.0	27.0	19.7
1581	10.0	34.0	19.4
1582	46.0	55.0	11.8
1583	10.0	34.0	19.4
1584	10.0	34.0	19.4
1585	10.0	39.0	18.0
1586	32.0	31.0	19.9
1587	10.0	34.0	19.4
1588	235.0	29.0	20.3
1589	68.0	63.0	7.7
1590	32.0	31.0	19.9
1591	10.0	26.0	20.0
1592	10.0	26.0	20.0
1593	32.0	31.0	19.9
1594	344.0	27.0	19.7
1595	46.0	55.0	11.8
1596	288.0	33.0	21.0
1597	10.0	37.0	19.0
1598	10.0	33.0	20.0
1599	10.0	34.0	19.4
1600	359.0	29.0	21.8
1601	10.0	34.0	19.4
1602	10.0	26.0	20.0
1603	10.0	26.0	20.0
1604	61.0	36.0	13.8
1605	10.0	37.0	19.0
1606	10.0	37.0	19.0
1607	46.0	55.0	11.8
1608	10.0	34.0	19.4
1609	310.0	37.0	18.0
1610	344.0	27.0	19.7
1611	10.0	26.0	20.0
1612	10.0	39.0	18.0
1613	10.0	26.0	20.0
1614	344.0	27.0	19.7
1615	46.0	55.0	11.8
1616	344.0	27.0	19.7
1617	10.0	14.0	17.2
1618	10.0	37.0	19.0
1619	10.0	39.0	18.0
1620	10.0	39.0	18.0
1621	10.0	26.0	20.0
1622	10.0	34.0	19.4
1623	10.0	34.0	19.4
1624	10.0	34.0	19.4
1625	10.0	26.0	20.0
1626	10.0	26.0	20.0
1627	46.0	55.0	11.8
1628	10.0	26.0	20.0
1629	10.0	34.0	19.4
1630	10.0	14.0	17.2
1631	10.0	39.0	18.0
1632	21.0	34.0	20.3
1633	357.0	27.0	19.6
1634	61.0	36.0	13.8
1635	10.0	39.0	18.0
1636	46.0	55.0	11.8
1637	46.0	55.0	11.8
1638	10.0	14.0	17.2
1639	344.0	27.0	19.7
1640	319.0	30.0	20.1
1641	10.0	39.0	18.0
1642	10.0	39.0	18.0
1643	10.0	12.0	25.6
1644	10.0	12.0	25.6
1645	10.0	12.0	25.6
1646	91.0	92.0	-3.9
1647	10.0	12.0	25.6
1648	10.0	12.0	25.6
1649	107.0	53.0	10.0
1650	88.0	23.0	6.7
1651	18.0	33.0	20.9
1652	64.0	31.0	15.5
1653	23.0	26.0	18.8
1654	97.0	58.0	10.2
1655	63.0	34.0	17.0
1656	92.0	14.0	17.2
1657	10.0	12.0	25.6
1658	68.0	63.0	7.7
1659	360.0	14.0	25.0
1660	360.0	14.0	25.0
1661	80.0	29.0	11.7
1662	86.0	26.0	19.6
1663	62.0	14.0	17.2
1664	72.0	25.0	17.7
1665	63.0	34.0	17.0
1666	23.0	29.0	21.3
1667	324.0	34.0	22.4
1668	72.0	25.0	17.7
1669	51.0	27.0	20.9
1670	72.0	25.0	17.7
1671	360.0	14.0	25.0
1672	72.0	25.0	17.7
1673	10.0	40.0	12.2
1674	355.0	23.0	25.0
1675	63.0	34.0	17.0
1676	100.0	22.0	19.5
1677	10.0	40.0	12.2
1678	118.0	18.0	15.5
1679	10.0	12.0	25.6
1680	118.0	18.0	15.5
1681	10.0	12.0	25.6
1682	112.0	28.0	17.5
1683	10.0	12.0	25.6
1684	86.0	26.0	19.6
1685	107.0	53.0	10.0
1686	360.0	14.0	25.0
1687	64.0	31.0	15.5
1688	94.0	14.0	17.2
1689	86.0	46.0	12.2
1690	18.0	33.0	20.9
1691	77.0	57.0	9.9
1692	10.0	12.0	25.6
1693	77.0	57.0	9.9
1694	10.0	40.0	12.2
1695	18.0	33.0	20.9
1696	94.0	14.0	17.2
1697	107.0	53.0	10.0
1698	51.0	27.0	20.9
1699	102.0	53.0	10.5
1700	10.0	12.0	25.6
1701	23.0	29.0	21.3
1702	268.0	38.0	19.0
1703	89.0	27.0	16.9
1704	360.0	14.0	25.0
1705	48.0	29.0	19.3
1706	94.0	24.0	19.2
1707	59.0	24.0	20.7
1708	10.0	12.0	25.6
1709	18.0	33.0	20.9
1710	359.0	29.0	21.8
1711	101.0	22.0	18.8
1712	10.0	26.0	20.0
1713	118.0	18.0	15.5
1714	94.0	14.0	17.2
1715	44.0	26.0	22.2
1716	10.0	40.0	12.2
1717	60.0	37.0	9.4
1718	47.0	33.0	14.4
1719	122.0	65.0	7.1
1720	88.0	42.0	9.4
1721	85.0	47.0	10.2
1722	46.0	42.0	9.5
1723	119.0	64.0	8.6
1724	87.0	37.0	11.0
1725	92.0	75.0	7.0
1726	80.0	22.0	12.2
1727	71.0	61.0	8.7
1728	92.0	40.0	9.9
1729	110.0	40.0	9.0
1730	92.0	75.0	7.0
1731	60.0	37.0	9.4
1732	110.0	40.0	9.0
1733	85.0	47.0	10.2
1734	114.0	62.0	5.8
1735	90.0	33.0	10.0
1736	110.0	40.0	9.0
1737	85.0	47.0	10.2
1738	114.0	62.0	5.8
1739	85.0	47.0	10.2
1740	61.0	36.0	13.8
1741	85.0	47.0	10.2
1742	110.0	40.0	9.0
1743	88.0	42.0	9.4
1744	110.0	40.0	9.0
1745	114.0	62.0	5.8
1746	46.0	42.0	9.5
1747	105.0	55.0	11.7
1748	88.0	42.0	9.4
1749	110.0	40.0	9.0
1750	77.0	57.0	9.9
1751	91.0	56.0	7.4
1752	75.0	33.0	10.0
1753	92.0	33.0	10.0
1754	80.0	34.0	9.0
1755	91.0	56.0	7.4
1756	91.0	56.0	7.4
1757	80.0	22.0	12.2
1758	90.0	33.0	10.0
1759	92.0	33.0	10.0
1760	85.0	54.0	8.6
