	zip_code	y-2016	latitude	longitude
0	90001	57942	33.9731	-118.2479
1	90002	51826	33.9497	-118.2462
2	90003	70208	33.9653	-118.2727
3	90004	63095	34.0762	-118.3029
4	90005	39338	34.0585	-118.3012
5	90006	61230	34.0493	-118.2917
6	90007	41979	34.0294	-118.2871
7	90008	32060	34.0116	-118.3411
8	90010	3524	34.0606	-118.3027
9	90011	104762	34.0079	-118.2582
10	90012	32543	34.0614	-118.2385
11	90013	11668	34.0448	-118.2434
12	90014	7191	34.0443	-118.2509
13	90015	19378	34.0434	-118.2716
14	90016	47079	34.0298	-118.3528
15	90017	25772	34.0559	-118.2666
16	90018	51639	34.029	-118.3152
17	90019	68530	34.0482	-118.3343
18	90020	40170	34.0665	-118.3022
19	90021	2954	34.0333	-118.2447
20	90022	67191	34.0245	-118.1561
21	90023	46611	34.0245	-118.1975
22	90024	49737	34.0637	-118.4408
23	90025	46520	34.0447	-118.4487
24	90026	67557	34.0766	-118.2646
25	90027	46043	34.104	-118.2925
26	90028	31122	34.1005	-118.3254
27	90029	40242	34.09	-118.2944
28	90031	38940	34.0783	-118.2113
29	90032	47285	34.0818	-118.1753
30	90033	49156	34.0487	-118.2084
31	90034	57443	34.029	-118.4005
32	90035	30582	34.0531	-118.3806
33	90036	37931	34.0699	-118.3492
34	90037	61451	34.003	-118.2863
35	90038	28155	34.0898	-118.3215
36	90039	28436	34.1121	-118.2594
37	90040	12812	33.9909	-118.1532
38	90041	28405	34.1339	-118.2082
39	90042	63109	34.1145	-118.1929
40	90043	44328	33.9871	-118.3321
41	90044	90155	33.9551	-118.2901
42	90045	41145	33.9631	-118.3941
43	90046	50923	34.1074	-118.3652
44	90047	48306	33.9569	-118.3073
45	90048	22722	34.0737	-118.372
46	90049	35581	34.066	-118.474
47	90056	8118	33.9853	-118.3707
48	90057	48302	34.0622	-118.2763
49	90058	2674	33.9994	-118.2133
50	90059	46027	33.9293	-118.2463
51	90061	27203	33.9245	-118.2716
52	90062	33690	34.0032	-118.3073
53	90063	54142	34.0451	-118.1859
54	90064	27032	34.0353	-118.4259
55	90065	46965	34.1073	-118.2266
56	90066	59258	34.003	-118.4298
57	90067	2355	34.0551	-118.4095
58	90068	21450	34.1156	-118.3305
59	90069	20435	34.0906	-118.3788
60	90071	0	34.0529	-118.2549
61	90073	915	33.7866	-118.2987
62	90077	8912	34.1112	-118.4502
63	90079	0	33.7866	-118.2987
64	90089	3680	33.7866	-118.2987
65	90090	0	34.0725	-118.2418
66	90094	8072	33.9728	-118.4276
67	90095	0	33.7866	-118.2987
68	90201	102786	33.9653	-118.1515
69	90210	20957	34.0901	-118.4065
70	90211	8129	34.0652	-118.383
71	90212	12915	34.0619	-118.3995
72	90220	51271	33.8748	-118.2402
73	90221	53922	33.8796	-118.2168
74	90222	32195	33.9099	-118.2357
75	90230	32692	33.9949	-118.3991
76	90232	14810	34.0168	-118.3973
77	90240	26426	33.9581	-118.1174
78	90241	44815	33.9416	-118.1306
79	90242	41982	33.9218	-118.1395
80	90245	16901	33.9243	-118.4119
81	90247	47706	33.8925	-118.2961
82	90248	10592	33.8766	-118.2835
83	90249	26795	33.8998	-118.3199
84	90250	96987	33.9143	-118.3493
85	90254	19726	33.8643	-118.3955
86	90255	75770	33.9769	-118.2161
87	90260	35569	33.8879	-118.351
88	90262	71197	33.9241	-118.2013
89	90263	1887	34.005	-118.8101
90	90265	18394	34.0402	-118.7351
91	90266	35573	33.8896	-118.3996
92	90270	27575	33.989	-118.1877
93	90272	23151	34.0481	-118.5265
94	90274	25503	33.7669	-118.3806
95	90275	42545	33.7515	-118.367
96	90277	35204	33.8307	-118.3832
97	90278	40582	33.8707	-118.3715
98	90280	95219	33.9462	-118.2013
99	90290	5974	34.1076	-118.6023
100	90291	27277	33.9938	-118.4635
101	90292	22482	33.9779	-118.4525
102	90293	12649	33.9577	-118.4373
103	90301	36429	33.955	-118.3556
104	90302	31064	33.9745	-118.3548
105	90303	25134	33.9377	-118.3321
106	90304	27008	33.9379	-118.3586
107	90305	15777	33.9583	-118.3259
108	90401	7621	34.0176	-118.4907
109	90402	11410	34.0349	-118.503
110	90403	24539	34.0287	-118.4924
111	90404	22201	34.0268	-118.4733
112	90405	28861	34.01	-118.4717
113	90501	43405	33.8268	-118.3118
114	90502	17855	33.8286	-118.292
115	90503	44562	33.8397	-118.3542
116	90504	33609	33.8708	-118.3295
117	90505	37242	33.8106	-118.3507
118	90506	0	33.7866	-118.2987
119	90601	34169	34.0011	-118.0371
120	90602	26778	33.9693	-118.0337
121	90603	20325	33.9432	-117.9927
122	90604	41371	33.9299	-118.0121
123	90605	41305	33.9413	-118.0356
124	90606	32499	33.9777	-118.0658
125	90620	46550	33.8439	-118.008
126	90621	35168	33.8772	-117.9893
127	90623	15886	33.8491	-118.0398
128	90630	49093	33.8181	-118.0357
129	90631	68971	33.9331	-117.9493
130	90638	49876	33.9067	-118.0101
131	90640	63461	34.0133	-118.113
132	90650	106360	33.9056	-118.0818
133	90660	63684	33.9886	-118.0883
134	90670	16266	33.9464	-118.0838
135	90680	30373	33.7991	-117.9956
136	90701	16842	33.8654	-118.0731
137	90703	50442	33.8669	-118.0686
138	90704	3912	33.332	-118.3437
139	90706	77687	33.8867	-118.1265
140	90710	27914	33.797	-118.2991
141	90712	31722	33.8512	-118.1457
142	90713	28833	33.8473	-118.1115
143	90715	20064	33.8405	-118.0767
144	90716	14383	33.8296	-118.073
145	90717	21658	33.7938	-118.3172
146	90720	22413	33.7956	-118.0648
147	90723	54941	33.8969	-118.1632
148	90731	61046	33.7339	-118.2914
149	90732	21763	33.742	-118.3121
150	90740	24296	33.7602	-118.0808
151	90742	627	33.7164	-118.069
152	90743	368	33.7264	-118.0833
153	90744	57432	33.7855	-118.2645
154	90745	57785	33.823	-118.2684
155	90746	26584	33.8584	-118.2554
156	90747	0	33.8671	-118.2538
157	90755	11491	33.8029	-118.1677
158	90802	39873	33.7706	-118.182
159	90803	31680	33.7619	-118.1341
160	90804	40751	33.7857	-118.1357
161	90805	95808	33.8635	-118.1801
162	90806	42312	33.8045	-118.1876
163	90807	33217	33.8315	-118.1811
164	90808	38637	33.8241	-118.1103
165	90810	37422	33.8193	-118.2325
166	90813	60997	33.782	-118.1835
167	90814	18760	33.7716	-118.148
168	90815	39822	33.7939	-118.1192
169	90822	148	33.7927	-118.1638
170	90831	0	33.7678	-118.1994
171	91001	37699	34.1912	-118.1392
172	91006	32106	34.1324	-118.0264
173	91007	34619	34.1243	-118.0515
174	91008	1203	34.149	-117.9644
175	91010	26000	34.1407	-117.9567
176	91011	20679	34.2217	-118.2051
177	91016	41901	34.144	-118.0014
178	91020	8448	34.2114	-118.2305
179	91024	11067	34.1651	-118.0519
180	91030	25905	34.1109	-118.1547
181	91040	19587	34.2618	-118.3371
182	91042	27164	34.2544	-118.2849
183	91046	125	34.2114	-118.2395
184	91101	20761	34.1468	-118.1391
185	91103	28124	34.1669	-118.1551
186	91104	38725	34.1678	-118.1261
187	91105	11728	34.1355	-118.1636
188	91106	24875	34.1435	-118.1266
189	91107	32027	34.151	-118.0889
190	91108	13675	34.1207	-118.1117
191	91201	23510	34.1716	-118.2899
192	91202	23219	34.1652	-118.2656
193	91203	14051	34.1517	-118.2636
194	91204	17681	34.1379	-118.2599
195	91205	37664	34.1378	-118.2425
196	91206	34247	34.1556	-118.2322
197	91207	10071	34.1649	-118.2451
198	91208	17180	34.1921	-118.235
199	91210	886	34.1425	-118.2551
200	91214	30935	34.2316	-118.2457
201	91301	26007	34.1227	-118.7573
202	91302	25906	34.1419	-118.6641
203	91303	29668	34.1993	-118.5983
204	91304	52846	34.2197	-118.6111
205	91306	49043	34.2092	-118.5749
206	91307	26703	34.1963	-118.6389
207	91311	38479	34.2583	-118.5914
208	91316	29485	34.1655	-118.5175
209	91320	45502	34.1774	-118.9358
210	91321	34664	34.3795	-118.523
211	91324	29689	34.2367	-118.5466
212	91325	33558	34.2353	-118.5188
213	91326	36168	34.2619	-118.582
214	91330	3328	34.2283	-118.5368
215	91331	101536	34.2556	-118.4208
216	91335	80161	34.2007	-118.5391
217	91340	35681	34.2875	-118.4352
218	91342	95222	34.3054	-118.4322
219	91343	64323	34.2366	-118.4758
220	91344	53290	34.2771	-118.4992
221	91345	18763	34.2619	-118.4587
222	91350	37400	34.4336	-118.5007
223	91351	33247	34.4262	-118.449
224	91352	47079	34.2209	-118.3699
225	91354	30058	34.4466	-118.5374
226	91355	33129	34.3985	-118.5535
227	91356	29728	34.1671	-118.5414
228	91360	43222	34.2092	-118.8739
229	91361	20808	34.1472	-118.8383
230	91362	35862	34.1948	-118.8232
231	91364	27607	34.1557	-118.6
232	91367	42319	34.1767	-118.6159
233	91371	0	34.1683	-118.6059
234	91377	14885	34.185	-118.7669
235	91381	20790	34.3775	-118.6131
236	91384	29676	34.4827	-118.6254
237	91387	44106	34.4132	-118.426
238	91390	20546	34.4684	-118.5261
239	91401	41019	34.1802	-118.4324
240	91402	71765	34.2262	-118.447
241	91403	24579	34.1514	-118.4603
242	91405	54356	34.2001	-118.4456
243	91406	55385	34.2006	-118.4868
244	91411	25290	34.1781	-118.4574
245	91423	34140	34.1526	-118.4322
246	91436	14353	34.151	-118.4882
247	91501	20110	34.1862	-118.3009
248	91502	12080	34.1745	-118.3059
249	91504	26833	34.2001	-118.3264
250	91505	30985	34.169	-118.3442
251	91506	18125	34.1717	-118.3231
252	91601	39318	34.1687	-118.3713
253	91602	18615	34.151	-118.3663
254	91604	30386	34.143	-118.3913
255	91605	55377	34.2057	-118.4001
256	91606	45040	34.1872	-118.3865
257	91607	31405	34.1672	-118.3989
258	91608	0	34.1383	-118.3528
259	91701	40870	34.1376	-117.5999
260	91702	61968	34.1248	-117.9031
261	91706	77667	34.0964	-117.9682
262	91708	2893	33.954	-117.6404
263	91709	77266	33.9797	-117.7308
264	91710	87071	34.0125	-117.6844
265	91711	36957	34.1092	-117.7183
266	91722	35407	34.0972	-117.9065
267	91723	19258	34.086	-117.8843
268	91724	26190	34.0938	-117.856
269	91730	68807	34.107	-117.5941
270	91731	30179	34.0791	-118.0371
271	91732	62855	34.0705	-118.0149
272	91733	44622	34.0557	-118.0444
273	91737	25508	34.1467	-117.5803
274	91739	38681	34.1705	-117.5182
275	91740	26555	34.1287	-117.8552
276	91741	25780	34.1537	-117.8437
277	91744	86638	34.0289	-117.9373
278	91745	54043	33.9977	-117.9652
279	91746	31319	34.0443	-117.9862
280	91748	46565	33.9818	-117.8969
281	91750	34156	34.1159	-117.7708
282	91752	29801	33.9938	-117.5236
283	91754	33514	34.0534	-118.1271
284	91755	27487	34.048	-118.115
285	91759	417	34.2361	-117.6601
286	91761	59933	34.0316	-117.6187
287	91762	58223	34.0584	-117.6665
288	91763	37786	34.0733	-117.6987
289	91764	54303	34.0763	-117.6254
290	91765	47493	34.0066	-117.8098
291	91766	72100	34.0418	-117.7569
292	91767	49483	34.0812	-117.7362
293	91768	36365	34.0662	-117.7763
294	91770	63552	34.0658	-118.0853
295	91773	34222	34.1023	-117.8169
296	91775	25389	34.1155	-118.0857
297	91776	37843	34.089	-118.0955
298	91780	35674	34.1016	-118.0537
299	91784	25999	34.141	-117.6581
300	91786	52951	34.1144	-117.6583
301	91789	43973	34.0183	-117.8546
302	91790	46374	34.0673	-117.9366
303	91791	33484	34.0653	-117.8978
304	91792	29493	34.0229	-117.8975
305	91801	55265	34.0914	-118.1293
306	91803	29502	34.0745	-118.1434
307	91901	18586	32.8282	-116.7543
308	91902	19429	32.6671	-117.0221
309	91905	1539	32.6719	-116.32
310	91906	3565	32.6605	-116.4905
311	91910	76027	32.6371	-117.0676
312	91911	84241	32.6084	-117.0565
313	91913	47494	32.6513	-116.9852
314	91914	16865	32.6587	-116.9652
315	91915	30679	32.6315	-116.9408
316	91916	1542	32.873	-116.6027
317	91917	937	32.6152	-116.7285
318	91931	474	32.8497	-116.5583
319	91932	26801	32.5783	-117.1148
320	91934	274	32.6249	-116.1952
321	91935	8347	32.7163	-116.8323
322	91941	33077	32.7604	-117.0115
323	91942	39795	32.7835	-117.0189
324	91945	26673	32.7332	-117.0326
325	91948	13	32.8676	-116.4206
326	91950	62078	32.6749	-117.0897
327	91962	2190	32.835	-116.5127
328	91963	988	32.6205	-116.6037
329	91977	62065	32.724	-116.9976
330	91978	9804	32.7329	-116.9596
331	91980	595	32.5889	-116.6192
332	92003	4905	33.294	-117.1897
333	92004	2520	33.2386	-116.3514
334	92007	11929	33.023	-117.2745
335	92008	26968	33.1602	-117.325
336	92009	44330	33.0954	-117.2619
337	92010	15551	33.1639	-117.3009
338	92011	24899	33.1072	-117.2943
339	92014	13665	32.9665	-117.249
340	92019	43200	32.7777	-116.9191
341	92020	58554	32.7928	-116.9665
342	92021	69552	32.8178	-116.9223
343	92024	50246	33.0535	-117.2689
344	92025	53742	33.1101	-117.07
345	92026	49327	33.1605	-117.0978
346	92027	56899	33.1388	-117.052
347	92028	48468	33.369	-117.229
348	92029	18758	33.0895	-117.1128
349	92036	2700	33.0534	-116.5658
350	92037	38659	32.8455	-117.2521
351	92040	43191	32.8562	-116.9201
352	92054	42523	33.2072	-117.3573
353	92055	12926	33.2433	-117.3768
354	92056	53920	33.1968	-117.2831
355	92057	57125	33.2407	-117.3025
356	92058	46463	33.1959	-117.3795
357	92059	1177	33.3777	-117.0717
358	92060	79	33.3228	-116.8786
359	92061	2046	33.3063	-116.9596
360	92064	49763	32.9756	-117.0402
361	92065	37633	33.0293	-116.8535
362	92066	530	33.21	-116.5167
363	92067	9127	33.005	-117.2157
364	92069	48682	33.1444	-117.1697
365	92070	1034	33.1476	-116.6963
366	92071	56682	32.8486	-116.9862
367	92075	12548	32.9937	-117.2598
368	92078	48009	33.1193	-117.185
369	92081	28976	33.1644	-117.2403
370	92082	18722	33.249	-117.0122
371	92083	37367	33.1978	-117.2482
372	92084	50915	33.2131	-117.2243
373	92086	1672	33.3096	-116.6527
374	92091	1473	32.9623	-117.0462
375	92101	36857	32.7185	-117.1593
376	92102	44778	32.7139	-117.1219
377	92103	33873	32.7466	-117.1636
378	92104	45788	32.7454	-117.1272
379	92105	72724	32.7423	-117.0947
380	92106	18864	32.7272	-117.2268
381	92107	29292	32.7425	-117.2433
382	92108	20899	32.7783	-117.1335
383	92109	48430	32.7969	-117.2405
384	92110	28508	32.7635	-117.2028
385	92111	48380	32.7972	-117.1708
386	92113	57887	32.697	-117.1153
387	92114	69688	32.7059	-117.0524
388	92115	64410	32.7607	-117.0721
389	92116	32920	32.7624	-117.1242
390	92117	54489	32.8239	-117.1965
391	92118	23473	32.6807	-117.1698
392	92119	23456	32.8036	-117.0261
393	92120	28518	32.7958	-117.0707
394	92121	4588	32.8919	-117.2035
395	92122	47314	32.8577	-117.2115
396	92123	30202	32.7973	-117.1392
397	92124	31061	32.8201	-117.0986
398	92126	80685	32.9161	-117.1402
399	92127	43588	33.0279	-117.0856
400	92128	49522	33.0067	-117.069
401	92129	55780	32.9652	-117.1213
402	92130	51757	32.9555	-117.2252
403	92131	34425	32.9123	-117.0898
404	92132	0	32.6437	-117.1384
405	92134	216	32.7242	-117.1466
406	92135	851	32.7153	-117.1573
407	92139	36720	32.6806	-117.0474
408	92140	3112	32.7434	-117.2004
409	92145	2096	32.8891	-117.1005
410	92147	569	32.7153	-117.1573
411	92154	88016	32.5753	-117.0707
412	92155	528	32.6716	-117.1657
413	92173	32416	32.5626	-117.043
414	92201	64436	33.7207	-116.2168
415	92203	29768	33.7532	-116.2676
416	92210	4987	33.7163	-116.3381
417	92211	24623	33.7644	-116.3398
418	92220	33101	33.9282	-116.8899
419	92222	0	32.7822	-114.5619
420	92223	49804	33.9504	-116.9701
421	92225	22242	33.6103	-114.5963
422	92227	27120	32.9792	-115.5296
423	92230	4088	33.9086	-116.7739
424	92231	40070	32.6832	-115.5028
425	92233	7770	33.167	-115.5114
426	92234	53253	33.8098	-116.4665
427	92236	44124	33.675	-116.1772
428	92239	196	33.809	-115.3666
429	92240	35684	33.9531	-116.5219
430	92241	9212	33.8763	-116.354
431	92242	1332	34.1652	-114.3197
432	92243	49425	32.7893	-115.5665
433	92249	7960	32.7218	-115.4383
434	92250	8645	32.8104	-115.3775
435	92251	22496	32.847	-115.573
436	92252	8874	34.1502	-116.3038
437	92253	39435	33.6685	-116.3081
438	92254	12491	33.545	-116.0187
439	92256	3105	34.0606	-116.5656
440	92257	1770	33.3784	-115.6965
441	92258	435	33.9228	-116.5431
442	92259	197	32.7387	-115.9942
443	92260	33834	33.7225	-116.377
444	92262	27561	33.8414	-116.5347
445	92264	19778	33.8018	-116.517
446	92266	97	33.3696	-114.7355
447	92267	0	34.2872	-114.143
448	92268	505	34.1887	-116.5048
449	92270	17876	33.7643	-116.4225
450	92273	1661	32.7941	-115.6948
451	92274	19326	33.5578	-116.1572
452	92275	2174	33.3092	-115.9578
453	92276	7803	33.8082	-116.3713
454	92277	24028	34.1455	-116.0601
455	92278	4162	34.238	-116.0604
456	92280	16	34.1561	-114.5656
457	92281	2249	33.038	-115.5914
458	92282	1233	33.989	-116.6566
459	92283	2287	32.9818	-114.6854
460	92284	25850	34.1559	-116.4313
461	92285	2556	34.3103	-116.5241
462	92301	32801	34.5841	-117.4242
463	92304	21	34.5578	-115.7444
464	92305	519	34.1531	-116.9485
465	92307	38583	34.5291	-117.2132
466	92308	40285	34.4698	-117.1927
467	92309	742	35.3606	-116.0638
468	92310	9337	35.2625	-116.6966
469	92311	33962	34.8914	-117.0387
470	92313	12432	34.031	-117.3129
471	92314	11997	34.261	-116.8131
472	92315	5282	34.235	-116.9053
473	92316	30231	34.0662	-117.3993
474	92320	8364	33.9946	-117.043
475	92321	1214	34.2545	-117.1533
476	92322	696	34.2544	-117.3265
477	92324	58854	34.0315	-117.2874
478	92325	8019	34.2433	-117.2811
479	92327	544	34.8668	-116.8876
480	92328	292	36.4672	-116.8937
481	92332	3	34.5881	-115.5771
482	92333	217	34.2583	-116.9515
483	92335	99079	34.0794	-117.4551
484	92336	92306	34.1173	-117.4378
485	92337	39074	34.0498	-117.4706
486	92338	0	34.7211	-116.16
487	92339	1171	34.0937	-116.9362
488	92341	231	34.2348	-117.066
489	92342	7058	34.7499	-117.3367
490	92344	22259	34.4239	-117.4075
491	92345	81094	34.4222	-117.3025
492	92346	60320	34.1283	-117.2087
493	92347	1372	34.9279	-117.1809
494	92352	6601	34.2606	-117.2016
495	92354	20963	34.0528	-117.2513
496	92356	5995	34.447	-116.9189
497	92358	1069	34.2558	-117.5186
498	92359	8710	34.0774	-117.1126
499	92363	5356	34.7824	-114.5871
500	92364	0	35.4667	-115.2722
501	92365	2601	34.885	-116.7464
502	92368	937	34.6178	-117.3327
503	92371	16721	34.4449	-117.5196
504	92372	5763	34.4429	-117.6403
505	92373	35149	34.0397	-117.1804
506	92374	41452	34.065	-117.1672
507	92376	85857	34.1132	-117.3771
508	92377	20370	34.1561	-117.4042
509	92378	154	34.2297	-117.225
510	92382	5006	34.2102	-117.1109
511	92384	24	35.973	-116.2711
512	92385	296	34.2353	-117.1792
513	92386	1992	34.2372	-116.8277
514	92389	133	35.9021	-116.1544
515	92391	3227	34.2379	-117.2348
516	92392	57648	34.4802	-117.4082
517	92394	36017	34.5563	-117.3528
518	92395	41384	34.5016	-117.2944
519	92397	4853	34.3628	-117.6249
520	92398	1588	34.905	-116.8203
521	92399	54335	34.0282	-117.0489
522	92401	1885	34.1105	-117.2898
523	92404	58738	34.1426	-117.2606
524	92405	29897	34.1446	-117.3013
525	92407	64225	34.2166	-117.3908
526	92408	15788	34.0831	-117.2711
527	92410	48660	34.1069	-117.2975
528	92411	26437	34.1214	-117.3172
529	92501	21975	33.9924	-117.3694
530	92503	94029	33.9208	-117.4589
531	92504	57004	33.9315	-117.4119
532	92505	49705	33.9228	-117.4867
533	92506	46172	33.9455	-117.3757
534	92507	57347	33.9761	-117.3389
535	92508	38360	33.8897	-117.3043
536	92509	80480	34.0033	-117.445
537	92518	1145	33.9533	-117.3962
538	92530	54710	33.6598	-117.3485
539	92532	22248	33.6927	-117.303
540	92536	2811	33.4473	-116.7997
541	92539	3775	33.5688	-116.7135
542	92543	36962	33.7416	-116.973
543	92544	47275	33.739	-116.9243
544	92545	40732	33.7399	-117.0151
545	92548	7577	33.7453	-117.1118
546	92549	2644	33.7304	-116.7107
547	92551	33670	33.8814	-117.2261
548	92553	74925	33.9157	-117.2351
549	92555	42264	33.9377	-117.1851
550	92557	51551	33.9553	-117.2457
551	92561	1577	33.7042	-116.7259
552	92562	64222	33.5631	-117.2738
553	92563	60651	33.569	-117.1783
554	92567	10205	33.8123	-117.1048
555	92570	59324	33.7852	-117.3166
556	92571	54512	33.811	-117.218
557	92582	16695	33.7883	-116.9819
558	92583	32051	33.7967	-116.9324
559	92584	49317	33.6647	-117.1743
560	92585	21714	33.7467	-117.1721
561	92586	19351	33.7044	-117.1969
562	92587	17157	33.707	-117.245
563	92590	3951	33.4903	-117.1824
564	92591	40396	33.5217	-117.1286
565	92592	80135	33.4983	-117.0958
566	92595	31541	33.6021	-117.264
567	92596	25363	33.6243	-117.0885
568	92602	24962	33.7419	-117.7467
569	92603	20206	33.6245	-117.794
570	92604	28580	33.6899	-117.7868
571	92606	23129	33.6951	-117.8224
572	92610	11895	33.6748	-117.6649
573	92612	31166	33.6607	-117.8264
574	92614	25930	33.6829	-117.8298
575	92617	16942	33.6425	-117.8417
576	92618	29921	33.7074	-117.7054
577	92620	46966	33.7009	-117.7564
578	92624	6454	33.46	-117.6632
579	92625	12187	33.6021	-117.8743
580	92626	51133	33.6801	-117.9085
581	92627	61996	33.6483	-117.9155
582	92629	26797	33.4743	-117.6964
583	92630	61081	33.6437	-117.6868
584	92637	16330	33.6103	-117.7253
585	92646	55598	33.6654	-117.9686
586	92647	61285	33.721	-118.0033
587	92648	47701	33.6773	-118.0051
588	92649	33513	33.718	-118.0505
589	92651	24612	33.5429	-117.7813
590	92653	29028	33.5916	-117.6985
591	92655	9257	33.7446	-117.984
592	92656	52335	33.5701	-117.7086
593	92657	9768	33.5943	-117.8334
594	92660	35935	33.6295	-117.8684
595	92661	3419	33.6045	-117.9021
596	92662	2863	33.6062	-117.8931
597	92663	22408	33.621	-117.9321
598	92672	34605	33.4361	-117.6231
599	92673	30553	33.4615	-117.6375
600	92675	36548	33.5085	-117.6565
601	92676	2156	33.7451	-117.6153
602	92677	65645	33.5145	-117.7084
603	92678	532	33.6643	-117.5896
604	92679	32819	33.6625	-117.5903
605	92683	91613	33.7524	-117.9939
606	92688	45105	33.6512	-117.5938
607	92691	49471	33.6128	-117.6622
608	92692	48851	33.6144	-117.6433
609	92694	25906	33.5472	-117.6238
610	92701	51317	33.7523	-117.8541
611	92703	71245	33.7489	-117.9072
612	92704	89993	33.7249	-117.909
613	92705	47515	33.754	-117.7919
614	92706	36684	33.7691	-117.8855
615	92707	61667	33.7086	-117.8701
616	92708	57675	33.7102	-117.9503
617	92780	62017	33.7364	-117.8229
618	92782	23174	33.7346	-117.7869
619	92801	66657	33.8428	-117.9546
620	92802	42583	33.8085	-117.9228
621	92804	86220	33.8186	-117.9729
622	92805	73043	33.8359	-117.9086
623	92806	40296	33.8356	-117.8681
624	92807	35284	33.8544	-117.7858
625	92808	20427	33.8579	-117.7513
626	92821	37642	33.9291	-117.8845
627	92823	3769	33.923	-117.798
628	92831	36533	33.8873	-117.8946
629	92832	25601	33.868	-117.9265
630	92833	53227	33.8766	-117.9551
631	92835	23464	33.8994	-117.9063
632	92840	56256	33.7869	-117.9273
633	92841	34031	33.7817	-117.9766
634	92843	45211	33.7671	-117.929
635	92844	23585	33.7661	-117.9738
636	92845	17276	33.7787	-118.0267
637	92860	26822	33.9247	-117.5517
638	92861	5872	33.8205	-117.8104
639	92865	20643	33.8263	-117.8511
640	92866	15760	33.7877	-117.8423
641	92867	44868	33.811	-117.8493
642	92868	27232	33.7875	-117.8776
643	92869	36298	33.7868	-117.7934
644	92870	53690	33.8744	-117.8543
645	92879	46487	33.8797	-117.5354
646	92880	66557	33.9208	-117.6096
647	92881	34466	33.8241	-117.5198
648	92882	71024	33.8419	-117.6043
649	92883	32549	33.7541	-117.474
650	92886	49644	33.9058	-117.7865
651	92887	20529	33.8841	-117.7304
652	93001	33765	34.3308	-119.3584
653	93003	51041	34.2846	-119.2222
654	93004	30218	34.2788	-119.1651
655	93010	44761	34.2313	-119.0464
656	93012	35714	34.2218	-118.9866
657	93013	16603	34.4036	-119.5183
658	93015	17487	34.3992	-118.9182
659	93021	37093	34.2784	-118.8771
660	93022	7154	34.402	-119.2982
661	93023	20168	34.4451	-119.2565
662	93030	60582	34.2141	-119.175
663	93033	83103	34.1685	-119.1717
664	93035	28258	34.1822	-119.216
665	93036	46328	34.2351	-119.182
666	93040	1980	34.4352	-118.7855
667	93041	24351	34.1626	-119.1973
668	93042	104	34.1134	-119.1124
669	93043	163	34.1621	-119.2074
670	93060	33837	34.3547	-119.0713
671	93063	56637	34.3046	-118.6844
672	93064	0	34.2582	-118.7107
673	93065	72211	34.2656	-118.7653
674	93066	3082	34.2798	-119.0115
675	93067	690	34.4214	-119.5965
676	93101	32157	34.4197	-119.7078
677	93103	20827	34.4291	-119.6833
678	93105	25808	34.4369	-119.7285
679	93108	11345	34.4378	-119.6159
680	93109	11583	34.4038	-119.7194
681	93110	16777	34.4418	-119.7647
682	93111	18441	34.4453	-119.8025
683	93117	57268	34.4296	-119.8612
684	93201	1314	35.8877	-119.4873
685	93202	3570	36.3095	-119.7053
686	93203	22106	35.1966	-118.8336
687	93204	13590	35.9877	-120.1227
688	93205	1630	35.587	-118.4847
689	93206	1978	35.4033	-119.4659
690	93207	252	35.8818	-118.6561
691	93208	74	36.1427	-118.6093
692	93210	18617	36.1624	-120.3489
693	93212	24861	36.0865	-119.5607
694	93215	55494	35.7715	-119.2459
695	93218	1068	35.8916	-119.0473
696	93219	10266	35.8744	-119.281
697	93220	381	35.3475	-118.8718
698	93221	15109	36.3041	-119.1293
699	93222	1542	34.8469	-119.1568
700	93223	10699	36.3002	-119.2054
701	93224	432	35.1786	-119.5412
702	93225	4886	34.8265	-119.0355
703	93226	211	35.7377	-118.7169
704	93230	66109	36.3314	-119.6491
705	93234	6865	36.2371	-120.102
706	93235	4014	36.3856	-119.2189
707	93238	1550	35.755	-118.4047
708	93239	1704	36.0083	-119.9618
709	93240	6489	35.669	-118.457
710	93241	17233	35.2571	-118.9124
711	93242	3748	36.4378	-119.7156
712	93243	1736	34.8818	-118.8566
713	93244	396	36.4969	-118.9941
714	93245	37502	36.2682	-119.8173
715	93247	18676	36.2096	-119.0884
716	93249	2277	35.6163	-119.6943
717	93250	14824	35.6758	-119.2272
718	93251	236	35.3031	-119.6366
719	93252	3437	35.0589	-119.401
720	93254	685	34.9967	-119.8238
721	93255	675	35.6824	-118.0959
722	93256	6092	35.9553	-119.2564
723	93257	75715	36.0686	-119.0315
724	93258	2650	36.0331	-119.0073
725	93260	199	35.8135	-118.6643
726	93261	3221	35.805	-119.1315
727	93262	74	36.6007	-118.711
728	93263	20346	35.497	-119.2801
729	93265	3290	36.1363	-118.7961
730	93266	1271	36.179	-119.8236
731	93267	6817	36.1472	-119.0792
732	93268	17643	35.1482	-119.4557
733	93270	5654	35.957	-119.0312
734	93271	2001	36.4377	-118.8875
735	93272	4117	36.0546	-119.3078
736	93274	72264	36.2022	-119.338
737	93276	216	35.2992	-119.3584
738	93277	52526	36.3114	-119.3065
739	93280	27572	35.648	-119.4487
740	93283	2339	35.6391	-118.2859
741	93285	1700	35.7246	-118.4559
742	93286	10169	36.4313	-119.0918
743	93287	115	35.7068	-118.8439
744	93291	56298	36.3551	-119.301
745	93292	39089	36.3302	-119.2921
746	93301	11555	35.3866	-119.0171
747	93304	51891	35.3396	-119.0218
748	93305	38793	35.3855	-118.986
749	93306	69660	35.3867	-118.9391
750	93307	84667	35.3275	-118.9839
751	93308	54497	35.4244	-119.0433
752	93309	59492	35.3384	-119.0627
753	93311	45512	35.3039	-119.1056
754	93312	58102	35.3935	-119.1205
755	93313	49006	35.2974	-119.0509
756	93314	26197	35.3863	-119.17
757	93401	28684	35.2635	-120.6509
758	93402	15636	35.3172	-120.8333
759	93405	35642	35.2901	-120.6817
760	93410	0	35.3471	-120.4553
761	93420	30022	35.1661	-120.4651
762	93422	33270	35.4754	-120.6638
763	93424	867	35.18	-120.7318
764	93426	1988	35.8093	-120.9728
765	93427	5662	34.6209	-120.1922
766	93428	6309	35.5566	-121.084
767	93429	140	34.8458	-120.535
768	93430	3214	35.4446	-120.8908
769	93432	953	35.4779	-120.4361
770	93433	13484	35.121	-120.6173
771	93434	7252	34.96	-120.5703
772	93436	55914	34.6583	-120.4506
773	93437	3483	34.7532	-120.5171
774	93440	1507	34.7457	-120.2049
775	93441	1099	34.6678	-120.1149
776	93442	11092	35.3795	-120.8447
777	93444	19317	35.0298	-120.4894
778	93445	8164	35.1019	-120.608
779	93446	44515	35.6406	-120.7003
780	93449	7984	35.1578	-120.6522
781	93450	988	35.9857	-120.8612
782	93451	4184	35.9004	-120.5929
783	93452	552	35.6668	-121.144
784	93453	3170	35.3584	-120.2596
785	93454	38980	34.9545	-120.4325
786	93455	43898	34.8286	-120.4268
787	93458	56722	34.9535	-120.4957
788	93460	4798	34.624	-120.0713
789	93461	1447	35.6513	-120.372
790	93463	7905	34.6488	-120.1701
791	93465	8995	35.5551	-120.7107
792	93501	5134	35.0478	-118.1735
793	93505	13324	35.1278	-117.9651
794	93510	7594	34.4835	-118.1959
795	93512	352	37.8926	-118.5647
796	93513	1803	37.1679	-118.2916
797	93514	13976	37.5014	-118.4048
798	93516	2314	35.0037	-117.6629
799	93517	909	38.2566	-119.208
800	93518	949	35.3701	-118.4612
801	93519	36	35.3089	-117.9684
802	93522	35	36.2948	-117.5957
803	93523	3366	34.9261	-117.9351
804	93524	171	34.932	-117.9071
805	93526	703	36.8396	-118.2048
806	93527	2206	35.6397	-117.857
807	93528	127	35.3708	-117.6427
808	93529	631	37.7773	-119.0825
809	93530	29	36.4886	-117.8741
810	93531	369	35.2375	-118.6076
811	93532	2681	34.6847	-118.5442
812	93534	38994	34.6909	-118.1491
813	93535	73948	34.7131	-117.8783
814	93536	70969	34.7471	-118.3687
815	93541	500	37.989	-119.1234
816	93543	13780	34.4891	-117.9708
817	93544	1021	34.493	-117.7543
818	93545	2005	36.5798	-118.0578
819	93546	9252	37.6094	-118.8656
820	93549	250	36.23	-117.9552
821	93550	75624	34.4133	-118.0917
822	93551	51023	34.6017	-118.231
823	93552	41128	34.5715	-118.0231
824	93553	1882	34.4225	-117.9055
825	93554	156	35.3866	-117.7159
826	93555	34064	35.6225	-117.6709
827	93558	236	35.3479	-117.6214
828	93560	20263	34.8664	-118.3409
829	93561	34182	35.1322	-118.449
830	93562	1620	35.7481	-117.3808
831	93563	413	34.3966	-117.7604
832	93591	6508	34.6019	-117.8123
833	93592	41	35.7627	-117.3728
834	93601	1944	37.4076	-119.7233
835	93602	4151	37.0726	-119.4572
836	93603	138	36.6313	-119.0132
837	93604	708	37.3244	-119.5568
838	93605	211	37.2032	-119.2492
839	93606	849	36.8032	-120.0185
840	93608	993	36.4921	-120.3353
841	93609	5689	36.5358	-119.8446
842	93610	23757	37.1014	-120.2691
843	93611	47988	36.8253	-119.6802
844	93612	36062	36.8149	-119.7106
845	93614	11255	37.2214	-119.7455
846	93615	6263	36.5243	-119.287
847	93616	2599	36.6543	-119.5929
848	93618	30465	36.5349	-119.3909
849	93619	32958	36.8432	-119.6518
850	93620	9591	37.0025	-120.6333
851	93621	194	36.7446	-119.0899
852	93622	10632	36.8651	-120.47
853	93623	134	37.4785	-119.6404
854	93624	1326	36.3386	-120.1118
855	93625	7446	36.6282	-119.671
856	93626	1760	37.0422	-119.6807
857	93627	77	36.5316	-120.0982
858	93628	221	36.7515	-118.9575
859	93630	19095	36.7306	-120.0724
860	93631	16268	36.508	-119.5433
861	93633	0	36.7341	-118.9588
862	93634	23	37.253	-119.1748
863	93635	39969	37.0627	-120.8544
864	93636	11885	36.9528	-119.8806
865	93637	39952	36.9403	-120.082
866	93638	50626	37.0402	-120.0335
867	93640	12660	36.7424	-120.4093
868	93641	258	36.6894	-119.0477
869	93643	2935	37.2125	-119.5143
870	93644	7854	37.3476	-119.6449
871	93645	207	37.1639	-119.6652
872	93646	11195	36.6255	-119.3204
873	93647	11215	36.5464	-119.2815
874	93648	16228	36.6103	-119.5375
875	93650	4170	36.8411	-119.801
876	93651	1662	36.9938	-119.5268
877	93652	280	36.6024	-119.904
878	93653	1352	37.279	-119.8766
879	93654	31460	36.6044	-119.4378
880	93656	7194	36.4295	-119.872
881	93657	34349	36.7243	-119.5478
882	93660	4587	36.6059	-120.1889
883	93662	30169	36.5695	-119.617
884	93664	494	37.1397	-119.273
885	93665	943	36.9644	-120.6532
886	93666	968	36.5455	-119.3401
887	93667	2626	36.9943	-119.3914
888	93668	957	36.6584	-120.2617
889	93669	209	37.281	-119.557
890	93673	747	36.4552	-119.4848
891	93675	3358	36.7071	-119.1814
892	93701	10369	36.7487	-119.7867
893	93702	46021	36.74	-119.7532
894	93703	34166	36.7684	-119.7594
895	93704	27870	36.7991	-119.8016
896	93705	38093	36.7863	-119.8286
897	93706	40583	36.6486	-119.9987
898	93710	32249	36.8236	-119.7621
899	93711	37095	36.8303	-119.8319
900	93720	46402	36.8579	-119.7655
901	93721	6898	36.7377	-119.7843
902	93722	81832	36.7918	-119.8801
903	93723	10874	36.7863	-119.9532
904	93725	26809	36.6207	-119.7308
905	93726	42950	36.7949	-119.7604
906	93727	79314	36.7528	-119.7061
907	93728	15670	36.7581	-119.8113
908	93730	11397	36.8878	-119.7589
909	93901	27387	36.6677	-121.6596
910	93905	61494	36.6811	-121.6176
911	93906	63821	36.7103	-121.6438
912	93907	22513	36.7563	-121.6703
913	93908	11986	36.6011	-121.6729
914	93920	1082	36.2458	-121.7009
915	93921	3407	36.5552	-121.9233
916	93923	12301	36.5457	-121.8949
917	93924	6457	36.4787	-121.7244
918	93925	1824	36.595	-121.432
919	93926	9506	36.49	-121.4103
920	93927	18609	36.3202	-121.2451
921	93928	441	35.9708	-121.176
922	93930	16536	36.2028	-121.1273
923	93932	618	35.95	-121.0626
924	93933	23851	36.6849	-121.7934
925	93940	32727	36.5802	-121.8443
926	93943	0	36.597	-121.8741
927	93950	15577	36.6167	-121.922
928	93953	4435	36.5907	-121.942
929	93954	362	36.1289	-121.0205
930	93955	34421	36.6217	-121.7935
931	93960	26831	36.4196	-121.3243
932	93962	745	36.6261	-121.6555
933	94002	27116	37.5174	-122.2927
934	94005	4568	37.6811	-122.4001
935	94010	42569	37.5671	-122.3676
936	94014	48387	37.6875	-122.4388
937	94015	64712	37.6787	-122.478
938	94019	19874	37.4791	-122.4459
939	94020	1170	37.2726	-122.2495
940	94021	159	37.2708	-122.2807
941	94022	19705	37.3814	-122.1258
942	94024	23057	37.3547	-122.0862
943	94025	41491	37.4396	-122.1864
944	94027	7317	37.4563	-122.2002
945	94028	6830	37.3702	-122.2182
946	94030	22552	37.6004	-122.402
947	94037	2895	37.5428	-122.5052
948	94038	3628	37.531	-122.5068
949	94040	35200	37.3855	-122.088
950	94041	14162	37.3893	-122.0783
951	94043	29689	37.4056	-122.0775
952	94044	38844	37.6196	-122.4816
953	94060	1697	37.2065	-122.3649
954	94061	38709	37.4647	-122.2304
955	94062	27099	37.4245	-122.296
956	94063	33396	37.4815	-122.2091
957	94065	12626	37.5331	-122.2486
958	94066	42777	37.6247	-122.429
959	94070	30370	37.4969	-122.2674
960	94074	309	37.3255	-122.3556
961	94080	66876	37.6574	-122.4235
962	94085	23177	37.3886	-122.0177
963	94086	49851	37.3764	-122.0238
964	94087	55987	37.3502	-122.0349
965	94089	21403	37.3983	-122.0006
966	94102	29319	37.7813	-122.4167
967	94103	25747	37.7725	-122.4147
968	94104	489	37.7915	-122.4018
969	94105	6793	37.7864	-122.3892
970	94107	29384	37.7621	-122.3971
971	94108	14704	37.7929	-122.4079
972	94109	56019	37.7917	-122.4186
973	94110	73511	37.7509	-122.4153
974	94111	3432	37.7974	-122.4001
975	94112	84001	37.7195	-122.4411
976	94114	33504	37.7587	-122.433
977	94115	34681	37.7856	-122.4358
978	94116	45936	37.7441	-122.4863
979	94117	43323	37.7712	-122.4413
980	94118	41662	37.7812	-122.4614
981	94121	42720	37.7786	-122.4892
982	94122	62029	37.7593	-122.4836
983	94123	25238	37.7999	-122.4342
984	94124	35446	37.7309	-122.3886
985	94127	20664	37.7354	-122.4571
986	94128	119	37.6216	-122.3929
987	94129	3762	37.8005	-122.465
988	94130	3090	37.8231	-122.3693
989	94131	28350	37.745	-122.4383
990	94132	31289	37.7211	-122.4754
991	94133	27491	37.8002	-122.4091
992	94134	41677	37.719	-122.4096
993	94158	5995	37.7694	-122.3867
994	94301	17409	37.4443	-122.1497
995	94303	47743	37.4673	-122.1388
996	94304	3658	37.4334	-122.1842
997	94305	14971	37.4236	-122.1619
998	94306	27259	37.418	-122.1274
999	94401	36597	37.5735	-122.3225
1000	94402	24517	37.5507	-122.3276
1001	94403	42252	37.5395	-122.2998
1002	94404	36086	37.5538	-122.27
1003	94501	63228	37.7706	-122.2648
1004	94502	14181	37.7351	-122.2431
1005	94503	20366	38.1668	-122.2553
1006	94505	14820	37.8989	-121.6054
1007	94506	24371	37.8321	-121.9167
1008	94507	16205	37.8537	-122.0229
1009	94508	4268	38.5769	-122.4477
1010	94509	64412	37.9939	-121.8089
1011	94510	27786	38.0685	-122.1614
1012	94511	2199	38.0266	-121.6425
1013	94512	96	38.1504	-121.8443
1014	94513	59444	37.9324	-121.6894
1015	94514	1358	37.8254	-121.6236
1016	94515	7379	38.5823	-122.5814
1017	94516	157	37.8339	-122.165
1018	94517	13139	37.9154	-121.91
1019	94518	27549	37.9504	-122.0263
1020	94519	19594	37.9841	-122.0119
1021	94520	39535	37.9823	-122.0362
1022	94521	41854	37.9575	-121.975
1023	94523	34742	37.954	-122.0737
1024	94525	3103	38.0519	-122.2177
1025	94526	32284	37.814	-121.966
1026	94528	749	37.8387	-121.9667
1027	94530	24851	37.9156	-122.2985
1028	94531	44263	37.9658	-121.7758
1029	94533	72349	38.2671	-122.0357
1030	94534	37794	38.2423	-122.1314
1031	94535	4269	38.2743	-121.9463
1032	94536	72597	37.5605	-121.9999
1033	94538	66493	37.5308	-121.9712
1034	94539	52141	37.5176	-121.9287
1035	94541	65178	37.674	-122.0894
1036	94542	13491	37.6586	-122.0472
1037	94544	78096	37.6374	-122.067
1038	94545	32015	37.6332	-122.0971
1039	94546	43472	37.7015	-122.0782
1040	94547	25037	38.0066	-122.2637
1041	94548	379	37.9726	-121.6652
1042	94549	29005	37.8961	-122.1119
1043	94550	50122	37.683	-121.763
1044	94551	42508	37.7526	-121.77
1045	94552	14852	37.7131	-122.0381
1046	94553	49638	37.9864	-122.135
1047	94555	36750	37.5735	-122.0469
1048	94556	16039	37.8437	-122.1242
1049	94558	68366	38.4549	-122.2564
1050	94559	28355	38.2904	-122.2841
1051	94560	44677	37.5368	-122.032
1052	94561	40274	37.994	-121.7036
1053	94563	18803	37.8787	-122.1728
1054	94564	19007	37.9969	-122.2875
1055	94565	91323	38.0031	-121.9172
1056	94566	43784	37.6658	-121.8755
1057	94567	587	38.6152	-122.4278
1058	94568	51248	37.7166	-121.9226
1059	94569	243	38.046	-122.1866
1060	94571	8802	38.1637	-121.7016
1061	94572	9798	38.0307	-122.2581
1062	94573	86	38.4585	-122.4225
1063	94574	8996	38.5138	-122.4619
1064	94575	1175	37.7772	-121.9554
1065	94576	102	38.5494	-122.4764
1066	94577	47053	37.7205	-122.1587
1067	94578	40603	37.7024	-122.124
1068	94579	22431	37.6892	-122.1507
1069	94580	29167	37.6787	-122.1295
1070	94582	40460	37.7636	-121.9155
1071	94583	35174	37.7562	-121.9522
1072	94585	29501	38.2408	-122.042
1073	94586	978	37.6094	-121.8986
1074	94587	73500	37.5895	-122.0497
1075	94588	34611	37.6873	-121.8957
1076	94589	30593	38.1582	-122.2804
1077	94590	36807	38.1053	-122.2474
1078	94591	54493	38.0985	-122.2124
1079	94592	880	38.0968	-122.2699
1080	94595	17675	37.8753	-122.0703
1081	94596	20794	37.9053	-122.0549
1082	94597	21923	37.9182	-122.0717
1083	94598	27175	37.9194	-122.0259
1084	94599	3148	38.4016	-122.3608
1085	94601	50369	37.7806	-122.2166
1086	94602	29628	37.8011	-122.2104
1087	94603	33823	37.7402	-122.171
1088	94605	43116	37.7641	-122.1633
1089	94606	37912	37.7957	-122.2429
1090	94607	26089	37.8071	-122.2851
1091	94608	28864	37.8365	-122.2804
1092	94609	22331	37.8361	-122.2637
1093	94610	31486	37.8126	-122.2443
1094	94611	37900	37.8471	-122.2223
1095	94612	15200	37.8085	-122.2668
1096	94613	855	37.7811	-122.1866
1097	94618	16620	37.8431	-122.2402
1098	94619	24638	37.7878	-122.1884
1099	94621	33423	37.7589	-122.1853
1100	94702	17720	37.8656	-122.2851
1101	94703	21234	37.863	-122.2749
1102	94704	27006	37.8664	-122.257
1103	94705	13215	37.8571	-122.25
1104	94706	20735	37.89	-122.2954
1105	94707	12173	37.8927	-122.2761
1106	94708	11481	37.8918	-122.2604
1107	94709	11854	37.8784	-122.2655
1108	94710	7193	37.8696	-122.2959
1109	94720	3166	37.8738	-122.2549
1110	94801	29923	37.94	-122.362
1111	94803	25283	37.9693	-122.2901
1112	94804	41681	37.9265	-122.3342
1113	94805	14850	37.9417	-122.3238
1114	94806	61452	37.9724	-122.3369
1115	94850	0	37.9358	-122.3477
1116	94901	42212	37.9691	-122.5105
1117	94903	31219	38.0339	-122.5855
1118	94904	12459	37.9479	-122.5363
1119	94920	12725	37.8843	-122.4637
1120	94922	565	38.3514	-122.9741
1121	94923	737	38.3309	-123.0373
1122	94924	1307	37.9079	-122.6947
1123	94925	9694	37.9223	-122.5132
1124	94928	43370	38.347	-122.6941
1125	94929	135	38.2508	-122.9653
1126	94930	8763	37.9883	-122.5937
1127	94931	8436	38.3259	-122.7048
1128	94933	658	38.0122	-122.6907
1129	94937	785	38.1126	-122.8877
1130	94938	840	38.0139	-122.7016
1131	94939	7130	37.9367	-122.5362
1132	94940	223	38.1762	-122.89
1133	94941	31154	37.8958	-122.5339
1134	94945	19095	38.1163	-122.5714
1135	94946	749	38.0546	-122.6964
1136	94947	26180	38.0973	-122.5837
1137	94949	16905	38.0618	-122.5404
1138	94950	100	38.0467	-122.7699
1139	94951	4464	38.3153	-122.6483
1140	94952	34938	38.2403	-122.6777
1141	94954	37943	38.2507	-122.6155
1142	94956	1282	38.0691	-122.8069
1143	94957	1314	37.9624	-122.555
1144	94960	15789	37.9846	-122.5711
1145	94963	713	38.0133	-122.6639
1146	94964	3322	37.9416	-122.4844
1147	94965	11227	37.8601	-122.4946
1148	94970	675	37.902	-122.6393
1149	94971	378	38.2427	-122.9145
1150	94972	20	38.318	-122.9242
1151	94973	1542	38.0069	-122.6382
1152	95002	1727	37.426	-121.9736
1153	95003	25187	36.9797	-121.8902
1154	95004	3846	36.8769	-121.6324
1155	95005	7116	37.0882	-122.0887
1156	95006	8649	37.1547	-122.1365
1157	95007	683	37.1063	-122.105
1158	95008	46507	37.2803	-121.9539
1159	95010	9375	36.9767	-121.9555
1160	95012	11080	36.7658	-121.758
1161	95013	66	37.2123	-121.7416
1162	95014	62632	37.318	-122.0449
1163	95017	627	37.0423	-122.2137
1164	95018	6935	37.0662	-122.0618
1165	95019	6252	36.9356	-121.7767
1166	95020	61480	37.0139	-121.5773
1167	95023	51045	36.8337	-121.3439
1168	95030	13477	37.2296	-121.9834
1169	95032	26027	37.2417	-121.9554
1170	95033	10006	37.1539	-121.9816
1171	95035	73652	37.4352	-121.895
1172	95037	48532	37.1353	-121.6501
1173	95039	1252	36.8175	-121.7773
1174	95041	410	37.0511	-122.0575
1175	95043	734	36.4985	-120.9744
1176	95045	4475	36.8463	-121.5346
1177	95046	6299	37.0911	-121.5999
1178	95050	38482	37.3492	-121.953
1179	95051	55634	37.3483	-121.9844
1180	95053	3222	37.3498	-121.9378
1181	95054	24718	37.3924	-121.9623
1182	95060	47227	37.0313	-122.1198
1183	95062	37365	36.9721	-121.9881
1184	95064	9692	36.9959	-122.0578
1185	95065	8551	37.0089	-121.9849
1186	95066	15642	37.0597	-122.0152
1187	95070	31268	37.2713	-122.0227
1188	95073	11407	37.0048	-121.9507
1189	95075	390	36.767	-121.3017
1190	95076	85678	36.9102	-121.7569
1191	95110	19270	37.3391	-121.9016
1192	95111	64247	37.2827	-121.8265
1193	95112	61583	37.3476	-121.887
1194	95113	1332	37.3329	-121.8916
1195	95116	55249	37.3518	-121.8508
1196	95117	30686	37.3108	-121.9623
1197	95118	31869	37.2568	-121.8896
1198	95119	10617	37.2329	-121.7875
1199	95120	37784	37.2144	-121.8574
1200	95121	38445	37.3042	-121.8099
1201	95122	58437	37.3293	-121.8339
1202	95123	66500	37.2458	-121.8306
1203	95124	49156	37.2563	-121.9229
1204	95125	53896	37.296	-121.8939
1205	95126	35330	37.3249	-121.9153
1206	95127	66282	37.3692	-121.8208
1207	95128	36807	37.3163	-121.9356
1208	95129	40325	37.3066	-122.0002
1209	95130	14206	37.2886	-121.9818
1210	95131	30027	37.3864	-121.88
1211	95132	40414	37.4031	-121.8585
1212	95133	27431	37.3729	-121.856
1213	95134	21010	37.4087	-121.9406
1214	95135	21957	37.2974	-121.7562
1215	95136	44386	37.2685	-121.849
1216	95138	19503	37.2602	-121.7709
1217	95139	7085	37.2252	-121.7687
1218	95140	273	37.3511	-121.6384
1219	95148	48201	37.3304	-121.7913
1220	95202	6559	37.9606	-121.2871
1221	95203	15489	37.9532	-121.3116
1222	95204	28124	37.9743	-121.3154
1223	95205	37362	37.9625	-121.2624
1224	95206	65151	37.9177	-121.3123
1225	95207	49632	38.0024	-121.3238
1226	95209	43362	38.0377	-121.3445
1227	95210	40718	38.025	-121.2972
1228	95211	1665	37.9809	-121.311
1229	95212	26094	38.0315	-121.2589
1230	95215	23635	37.9551	-121.2041
1231	95219	29506	38.01	-121.3698
1232	95220	7371	38.2004	-121.2186
1233	95222	4976	38.071	-120.5722
1234	95223	2884	38.3086	-120.268
1235	95224	228	38.2044	-120.3688
1236	95225	609	38.1838	-120.8894
1237	95226	14	38.2271	-120.8533
1238	95227	805	38.1929	-121.0811
1239	95228	4498	37.944	-120.6423
1240	95230	869	37.9299	-121.0002
1241	95231	4806	37.878	-121.2827
1242	95232	168	38.3554	-120.5778
1243	95233	583	38.1919	-120.3644
1244	95234	112	37.9344	-121.4261
1245	95236	4196	38.032	-121.0493
1246	95237	3124	38.1613	-121.1424
1247	95240	48065	38.1222	-121.2555
1248	95242	25752	38.1308	-121.3345
1249	95245	1958	38.3152	-120.5591
1250	95246	1071	38.2328	-120.4994
1251	95247	4709	38.1345	-120.4516
1252	95248	127	38.3405	-120.5161
1253	95249	4377	38.1904	-120.6441
1254	95251	538	38.1013	-120.4676
1255	95252	15068	38.162	-120.8572
1256	95254	897	38.1983	-120.9793
1257	95255	1655	38.4197	-120.4759
1258	95257	454	38.3793	-120.4627
1259	95258	3882	38.1551	-121.3086
1260	95301	38356	37.3489	-120.6028
1261	95303	678	37.4548	-120.6931
1262	95304	15718	37.7319	-121.4096
1263	95305	28	37.8235	-120.2582
1264	95306	823	37.4404	-120.1438
1265	95307	42844	37.5833	-120.9496
1266	95310	2163	38.044	-120.3971
1267	95311	1831	37.7197	-120.1197
1268	95312	290	37.4197	-120.6663
1269	95313	1077	37.4218	-121.0411
1270	95315	13108	37.4273	-120.7752
1271	95316	6416	37.539	-120.7758
1272	95317	946	37.1391	-120.5251
1273	95318	403	37.6747	-119.7841
1274	95319	1593	37.6382	-120.9005
1275	95320	12759	37.7983	-121.0006
1276	95321	3263	37.8298	-120.1037
1277	95322	9025	37.2001	-121.0047
1278	95323	1083	37.6156	-120.7011
1279	95324	7610	37.4002	-120.8723
1280	95325	26	37.4676	-120.2793
1281	95326	9948	37.5964	-120.8627
1282	95327	7901	37.8906	-120.4717
1283	95328	6013	37.5591	-120.9148
1284	95329	2650	37.6899	-120.3851
1285	95330	20253	37.8209	-121.2827
1286	95333	2793	37.2496	-120.2667
1287	95334	16366	37.3763	-120.7252
1288	95335	171	38.093	-120.1344
1289	95336	47808	37.8134	-121.2132
1290	95337	34391	37.7808	-121.2344
1291	95338	10784	37.4931	-119.9219
1292	95340	36541	37.2983	-120.4649
1293	95341	32787	37.2308	-120.5144
1294	95345	580	37.5757	-119.9601
1295	95346	1888	38.0675	-120.1794
1296	95348	33555	37.3302	-120.508
1297	95350	51441	37.6746	-121.0113
1298	95351	49243	37.6236	-120.9966
1299	95354	25485	37.6409	-120.9749
1300	95355	58872	37.6717	-120.9482
1301	95356	32827	37.7005	-121.0252
1302	95357	11717	37.6693	-120.8817
1303	95358	32758	37.6237	-121.0438
1304	95360	12243	37.3097	-121.0805
1305	95361	33741	37.7741	-120.8377
1306	95363	26291	37.4826	-121.1648
1307	95364	0	38.1889	-119.9924
1308	95365	4855	37.2908	-120.3185
1309	95366	17118	37.7491	-121.1284
1310	95367	24657	37.7298	-120.942
1311	95368	13826	37.7083	-121.0864
1312	95369	1011	37.5354	-120.378
1313	95370	28124	37.9957	-120.3368
1314	95372	2068	37.9926	-120.2624
1315	95374	1702	37.3283	-120.8764
1316	95375	116	38.2042	-120.0101
1317	95376	51245	37.7383	-121.4345
1318	95377	32462	37.6567	-121.4955
1319	95379	3296	37.9678	-120.2357
1320	95380	41865	37.4888	-120.8535
1321	95382	37138	37.5239	-120.8517
1322	95383	3471	38.0454	-120.2178
1323	95385	396	37.6176	-121.2581
1324	95386	10324	37.652	-120.7292
1325	95387	520	37.5452	-121.2255
1326	95388	13885	37.4014	-120.6045
1327	95389	1651	37.7314	-119.6489
1328	95391	14254	37.7695	-121.5397
1329	95401	39400	38.4432	-122.7547
1330	95403	46294	38.4822	-122.7473
1331	95404	40699	38.4405	-122.7144
1332	95405	21351	38.4386	-122.6727
1333	95407	41249	38.4089	-122.7339
1334	95409	26805	38.4592	-122.6393
1335	95410	890	39.2131	-123.72
1336	95412	452	38.7026	-123.3539
1337	95415	1312	39.0197	-123.3856
1338	95417	237	39.6949	-123.5527
1339	95420	684	39.3629	-123.7944
1340	95421	1599	38.5918	-123.1965
1341	95422	15358	38.9576	-122.636
1342	95423	3645	39.0664	-122.6558
1343	95425	10675	38.7931	-123.0074
1344	95426	1726	38.8155	-122.7132
1345	95427	203	39.2767	-123.5873
1346	95428	2540	39.82	-123.0585
1347	95429	58	39.7168	-123.3533
1348	95430	0	38.4538	-123.055
1349	95431	430	38.3488	-122.5108
1350	95432	445	39.1593	-123.7219
1351	95435	166	39.0043	-122.8755
1352	95436	5965	38.4923	-122.9042
1353	95437	14578	39.4402	-123.7703
1354	95439	825	38.4947	-122.7761
1355	95441	1909	38.7173	-122.8834
1356	95442	3080	38.3662	-122.5196
1357	95443	312	39.0263	-122.733
1358	95444	653	38.4335	-122.8676
1359	95445	1792	38.8251	-123.5399
1360	95446	4529	38.5055	-122.9965
1361	95448	17481	38.6184	-122.862
1362	95449	1679	38.938	-123.0703
1363	95450	283	38.4987	-123.1974
1364	95451	12230	38.9421	-122.7777
1365	95452	1409	38.4168	-122.5547
1366	95453	10362	39.047	-122.9328
1367	95454	2029	39.6627	-123.4929
1368	95456	721	39.2707	-123.7883
1369	95457	3076	38.8915	-122.5914
1370	95458	3176	39.0783	-122.7846
1371	95459	682	39.0097	-123.6523
1372	95460	2301	39.3173	-123.7739
1373	95461	2954	38.7824	-122.6487
1374	95462	1164	38.4706	-123.0172
1375	95463	49	39.185	-123.5268
1376	95464	2412	39.1194	-122.8315
1377	95465	2140	38.4087	-122.9954
1378	95466	990	39.0657	-123.445
1379	95467	5618	38.8036	-122.5407
1380	95468	1381	38.9152	-123.6
1381	95469	1979	39.3932	-123.0647
1382	95470	6514	39.2779	-123.2243
1383	95471	599	38.521	-122.9769
1384	95472	30260	38.3941	-122.8433
1385	95476	37534	38.2849	-122.4696
1386	95482	31941	39.1552	-123.1951
1387	95485	2607	39.1804	-122.9144
1388	95486	41	38.4741	-123.0242
1389	95488	239	39.6843	-123.7686
1390	95490	13054	39.4493	-123.3679
1391	95492	29515	38.5443	-122.8073
1392	95493	321	39.1821	-122.9711
1393	95494	209	38.9235	-123.2973
1394	95497	1092	38.7256	-123.4675
1395	95501	23284	40.7938	-124.1573
1396	95503	25830	40.7592	-124.1593
1397	95511	331	40.1676	-123.6192
1398	95514	254	40.2987	-123.6576
1399	95519	19441	40.9465	-124.0834
1400	95521	20911	40.8742	-124.0765
1401	95524	1944	40.8266	-124.0552
1402	95525	1569	40.9374	-123.8913
1403	95526	197	40.4693	-123.7998
1404	95527	586	40.7897	-123.4113
1405	95528	1191	40.507	-123.9743
1406	95531	23500	41.7817	-124.1332
1407	95536	3140	40.5259	-124.2514
1408	95537	255	40.7268	-124.2174
1409	95540	13418	40.5835	-124.1473
1410	95542	2008	40.0864	-123.7991
1411	95543	792	41.9056	-123.831
1412	95545	76	40.2421	-124.0972
1413	95546	3260	41.0504	-123.6742
1414	95547	1158	40.5485	-124.0847
1415	95548	1288	41.5804	-124.0387
1416	95549	942	40.6405	-123.8826
1417	95550	164	40.7775	-123.8486
1418	95551	1453	40.6589	-124.2251
1419	95552	635	40.3316	-123.3904
1420	95553	1274	40.2397	-123.8077
1421	95554	336	40.2841	-123.7945
1422	95555	338	41.3596	-124.0317
1423	95556	643	41.3115	-123.5399
1424	95558	458	40.2868	-124.2271
1425	95559	108	40.2008	-123.7735
1426	95560	1351	40.1201	-123.8234
1427	95562	3437	40.4987	-124.1102
1428	95563	705	40.8558	-123.573
1429	95564	402	40.8037	-124.1936
1430	95565	934	40.4583	-124.0517
1431	95567	2048	41.9404	-124.1587
1432	95568	161	41.4533	-123.4634
1433	95569	340	40.3437	-123.9095
1434	95570	2079	41.0593	-124.1431
1435	95571	228	40.3218	-123.9217
1436	95573	1523	40.9484	-123.6276
1437	95585	537	39.8481	-123.6615
1438	95587	146	39.9465	-123.7552
1439	95589	966	40.0231	-124.0139
1440	95595	156	40.2147	-123.3911
1441	95601	178	38.4194	-120.823
1442	95602	18472	38.9829	-121.0944
1443	95603	28826	38.9115	-121.08
1444	95604	104	38.9029	-121.067
1445	95605	14595	38.5927	-121.5325
1446	95606	129	38.8065	-122.2039
1447	95607	499	38.7209	-122.0912
1448	95608	60199	38.6284	-121.3287
1449	95610	44711	38.6946	-121.2692
1450	95612	964	38.3945	-121.5641
1451	95614	4318	38.8923	-120.9802
1452	95615	970	38.3137	-121.563
1453	95616	49093	38.5538	-121.7418
1454	95618	27926	38.5449	-121.7405
1455	95619	5075	38.6865	-120.8145
1456	95620	21685	38.4403	-121.8088
1457	95621	41908	38.6952	-121.3075
1458	95623	3911	38.633	-120.8498
1459	95624	64429	38.4232	-121.3599
1460	95625	54	38.3482	-121.91
1461	95626	5871	38.7233	-121.4497
1462	95627	3873	38.7061	-122.0152
1463	95628	41649	38.6554	-121.2611
1464	95629	676	38.5234	-120.6763
1465	95630	74905	38.6709	-121.1529
1466	95631	6375	39.0682	-120.7224
1467	95632	30594	38.2691	-121.3
1468	95633	3610	38.8665	-120.8567
1469	95634	3206	38.9185	-120.7599
1470	95635	861	38.9143	-120.9001
1471	95636	846	38.6489	-120.5098
1472	95637	349	38.8407	-122.2036
1473	95638	2238	38.3119	-121.1729
1474	95639	333	38.3702	-121.5143
1475	95640	10509	38.3324	-120.9418
1476	95641	1843	38.157	-121.6066
1477	95642	6912	38.3545	-120.7573
1478	95645	2091	38.8517	-121.7334
1479	95646	64	38.6918	-120.0736
1480	95648	50341	38.8942	-121.2908
1481	95650	13157	38.8071	-121.1698
1482	95651	614	38.8278	-120.9238
1483	95652	966	38.6621	-121.3955
1484	95653	657	38.6802	-121.9721
1485	95655	4205	38.5579	-121.291
1486	95658	6709	38.8763	-121.143
1487	95659	788	38.8657	-121.557
1488	95660	34303	38.6707	-121.3781
1489	95661	31034	38.7346	-121.234
1490	95662	32441	38.6845	-121.2256
1491	95663	2443	38.8567	-121.1791
1492	95664	1357	38.8135	-121.0308
1493	95665	4901	38.4049	-120.6544
1494	95666	5170	38.4319	-120.5719
1495	95667	36859	38.7195	-120.8046
1496	95668	794	38.8115	-121.4982
1497	95669	2493	38.4916	-120.8819
1498	95670	54277	38.6072	-121.2761
1499	95672	5010	38.7194	-120.9945
1500	95673	15140	38.6895	-121.4479
1501	95674	891	38.967	-121.4773
1502	95675	574	38.5463	-120.743
1503	95677	23906	38.7877	-121.2366
1504	95678	41953	38.7609	-121.2867
1505	95679	20	38.8953	-122.3079
1506	95680	278	38.2386	-121.5594
1507	95681	1471	38.9953	-121.368
1508	95682	30033	38.6465	-120.9641
1509	95683	6233	38.5143	-121.0964
1510	95684	3004	38.5953	-120.5949
1511	95685	4356	38.4175	-120.7951
1512	95686	1079	38.2261	-121.4236
1513	95687	66476	38.3482	-121.9538
1514	95688	36763	38.3847	-121.9887
1515	95689	1131	38.4765	-120.6017
1516	95690	2289	38.2396	-121.5443
1517	95691	36932	38.5673	-121.5516
1518	95692	5129	39.0337	-121.4235
1519	95693	6153	38.3983	-121.2303
1520	95694	9828	38.5322	-121.9676
1521	95695	39144	38.6816	-121.8052
1522	95697	430	38.7343	-121.8066
1523	95698	232	38.8204	-121.9191
1524	95699	143	38.4411	-120.8533
1525	95701	782	39.2441	-120.7531
1526	95703	829	39.0007	-120.9924
1527	95709	5096	38.747	-120.6743
1528	95713	10296	39.0783	-120.9549
1529	95714	368	39.1978	-120.8262
1530	95715	89	39.2968	-120.6727
1531	95717	166	39.171	-120.8601
1532	95720	49	38.7825	-120.2569
1533	95721	13	38.8338	-120.0416
1534	95722	4636	39.0031	-121.0292
1535	95724	0	39.318	-120.356
1536	95726	8816	38.7708	-120.5427
1537	95728	366	39.317	-120.4259
1538	95735	27	38.8092	-120.1242
1539	95736	165	39.0375	-120.9713
1540	95742	10494	38.5981	-121.2153
1541	95746	23638	38.7435	-121.1897
1542	95747	61869	38.7703	-121.3372
1543	95757	46703	38.4081	-121.4294
1544	95758	63778	38.4243	-121.437
1545	95762	40493	38.685	-121.068
1546	95765	36980	38.8136	-121.2677
1547	95776	23260	38.6808	-121.7411
1548	95811	6711	38.5762	-121.488
1549	95814	10487	38.5804	-121.4922
1550	95815	25206	38.6093	-121.4443
1551	95816	17178	38.5728	-121.4675
1552	95817	13918	38.5498	-121.4583
1553	95818	20629	38.5568	-121.4929
1554	95819	18846	38.5683	-121.4366
1555	95820	35869	38.5347	-121.4451
1556	95821	35530	38.6239	-121.3837
1557	95822	44724	38.5091	-121.4935
1558	95823	76478	38.4797	-121.4438
1559	95824	30225	38.5178	-121.4419
1560	95825	33385	38.5892	-121.4057
1561	95826	36992	38.5539	-121.3693
1562	95827	20382	38.5662	-121.3286
1563	95828	60884	38.4826	-121.4006
1564	95829	26588	38.4689	-121.344
1565	95830	953	38.4896	-121.2772
1566	95831	41859	38.4962	-121.5297
1567	95832	11313	38.4695	-121.4883
1568	95833	40029	38.6157	-121.5053
1569	95834	26560	38.6383	-121.5072
1570	95835	38847	38.6626	-121.4834
1571	95837	340	38.6817	-121.603
1572	95838	37286	38.6406	-121.444
1573	95841	19890	38.6627	-121.3406
1574	95842	32184	38.6865	-121.3494
1575	95843	47666	38.7159	-121.3648
1576	95864	23527	38.5878	-121.3769
1577	95901	32804	39.1663	-121.5105
1578	95903	1622	39.1115	-121.3604
1579	95910	134	39.4826	-120.8483
1580	95912	4693	39.0138	-122.0274
1581	95914	649	39.3885	-121.4052
1582	95915	9	40.006	-121.2491
1583	95916	1102	39.6776	-121.3689
1584	95917	3313	39.4162	-121.7189
1585	95918	2468	39.2882	-121.3303
1586	95919	1184	39.4525	-121.2612
1587	95920	320	39.4568	-121.9515
1588	95922	539	39.4518	-121.0486
1589	95923	9	39.5645	-121.5751
1590	95925	143	39.4685	-121.1936
1591	95926	38465	39.7458	-121.8444
1592	95928	36374	39.7224	-121.8113
1593	95930	155	39.5327	-121.1575
1594	95932	7651	39.2345	-122.0277
1595	95934	367	40.0673	-120.9248
1596	95935	654	39.3662	-121.2256
1597	95936	234	39.569	-120.8344
1598	95937	1400	38.887	-121.9992
1599	95938	4229	39.633	-121.7886
1600	95939	578	39.5306	-122.6124
1601	95941	586	39.521	-121.2423
1602	95942	782	39.8821	-121.6728
1603	95943	886	39.6069	-122.0384
1604	95944	41	39.5399	-120.8844
1605	95945	25712	39.2081	-121.0069
1606	95946	9694	39.2019	-121.2026
1607	95947	1770	40.1699	-120.9014
1608	95948	10751	39.3532	-121.7137
1609	95949	19575	39.1193	-121.0938
1610	95950	519	39.0744	-121.8927
1611	95951	3073	39.7386	-122.0085
1612	95953	10476	39.2601	-121.6923
1613	95954	12509	39.8912	-121.58
1614	95955	1325	39.3163	-122.1849
1615	95956	419	39.9296	-121.0608
1616	95957	837	39.052	-121.8061
1617	95959	17534	39.3017	-120.9717
1618	95960	752	39.3765	-121.0891
1619	95961	27141	39.0861	-121.5497
1620	95962	1235	39.3459	-121.2663
1621	95963	14943	39.7314	-122.2534
1622	95965	20473	39.6054	-121.5751
1623	95966	30557	39.4877	-121.4698
1624	95968	1250	39.4361	-121.5454
1625	95969	27850	39.7555	-121.6069
1626	95970	500	39.4168	-122.0519
1627	95971	5952	39.9284	-120.9698
1628	95973	35297	39.8032	-121.8673
1629	95974	65	39.4959	-121.748
1630	95975	1811	39.2286	-121.1509
1631	95977	1730	39.2076	-121.3001
1632	95978	115	39.9077	-121.5269
1633	95979	750	39.3176	-122.5393
1634	95981	96	39.687	-121.045
1635	95982	3487	39.1779	-121.7758
1636	95983	500	40.0357	-120.7353
1637	95984	39	40.0509	-121.1268
1638	95986	79	39.3569	-120.8
1639	95987	6142	39.1337	-122.2162
1640	95988	8663	39.5353	-122.2597
1641	95991	40683	39.1051	-121.6202
1642	95993	36617	39.1237	-121.6611
1643	96001	34260	40.5605	-122.4116
1644	96002	32943	40.5486	-122.3339
1645	96003	44929	40.6278	-122.353
1646	96006	389	41.2175	-120.9432
1647	96007	23354	40.4574	-122.3282
1648	96008	1483	40.7409	-122.0725
1649	96009	288	41.1315	-121.1286
1650	96010	194	40.748	-123.229
1651	96011	116	40.9749	-121.825
1652	96013	4538	40.8949	-121.655
1653	96014	146	41.3833	-122.764
1654	96015	587	41.4664	-120.9218
1655	96016	497	40.9337	-121.5677
1656	96017	160	41.1103	-122.3161
1657	96019	10121	40.6969	-122.3683
1658	96020	2438	40.2975	-121.2273
1659	96021	16322	39.9296	-122.196
1660	96022	16904	40.3691	-122.3375
1661	96023	1096	41.9194	-121.9739
1662	96024	962	40.6342	-122.9239
1663	96025	2121	41.2124	-122.2734
1664	96027	2390	41.4463	-123.01
1665	96028	1403	41.0393	-121.4606
1666	96029	200	39.9024	-122.4918
1667	96031	175	41.2191	-123.2363
1668	96032	2518	41.617	-122.8832
1669	96033	561	40.7035	-122.6229
1670	96034	220	41.5105	-122.5371
1671	96035	3398	40.043	-122.1649
1672	96037	216	41.5403	-122.9366
1673	96038	602	41.6125	-122.5258
1674	96039	1044	41.8018	-123.388
1675	96040	275	40.7677	-121.4637
1676	96041	3061	40.5504	-123.1634
1677	96044	937	41.9077	-122.5265
1678	96046	134	40.6137	-123.4488
1679	96047	799	40.4318	-122.654
1680	96048	701	40.7411	-123.0718
1681	96049	28	40.7098	-122.3116
1682	96050	387	41.8637	-122.8197
1683	96051	1264	40.9105	-122.4106
1684	96052	1417	40.746	-122.8426
1685	96054	260	41.2347	-121.2156
1686	96055	4002	40.0497	-122.0992
1687	96056	1693	41.0502	-121.3991
1688	96057	1305	41.2475	-122.1128
1689	96058	779	41.883	-121.9445
1690	96059	604	40.4331	-121.8365
1691	96061	27	40.3263	-121.5228
1692	96062	1180	40.5653	-122.1111
1693	96063	188	40.3564	-121.571
1694	96064	4881	41.7243	-122.4638
1695	96065	360	40.9124	-121.9233
1696	96067	6828	41.3174	-122.324
1697	96068	131	41.0957	-121.183
1698	96069	792	40.6863	-122.0409
1699	96071	180	40.6256	-121.4585
1700	96073	4174	40.5767	-122.2398
1701	96074	196	39.8772	-122.5814
1702	96075	304	40.3514	-121.765
1703	96076	139	40.376	-122.937
1704	96080	27564	40.1795	-122.2383
1705	96084	416	40.794	-121.9419
1706	96085	91	41.7736	-122.9882
1707	96086	304	41.8866	-123.2438
1708	96087	600	40.6109	-122.4968
1709	96088	4410	40.505	-121.8857
1710	96090	467	40.0271	-122.1233
1711	96091	561	41.0615	-122.7239
1712	96092	300	39.9272	-122.025
1713	96093	4031	40.7317	-122.9353
1714	96094	6446	41.4226	-122.3861
1715	96096	733	40.6525	-121.8771
1716	96097	9744	41.7206	-122.6376
1717	96101	5378	41.4767	-120.5456
1718	96103	1369	40.1919	-120.1746
1719	96104	576	41.4759	-120.1516
1720	96105	70	39.7977	-120.1396
1721	96106	223	39.7546	-120.5951
1722	96107	1129	38.5029	-119.4828
1723	96108	7	41.7336	-120.3741
1724	96109	741	40.0008	-120.1077
1725	96110	167	41.3163	-120.1158
1726	96111	30	39.3928	-120.0212
1727	96112	332	41.8644	-120.162
1728	96113	2100	40.1485	-120.1713
1729	96114	3387	40.2963	-120.5098
1730	96115	179	41.6682	-120.1814
1731	96116	127	41.2329	-120.5079
1732	96117	300	40.4073	-120.4092
1733	96118	1629	39.663	-120.2297
1734	96119	100	40.9766	-120.5548
1735	96120	1079	38.7713	-119.8327
1736	96121	302	40.1828	-120.3895
1737	96122	3532	39.8105	-120.4691
1738	96123	46	40.7985	-120.3652
1739	96124	385	39.6139	-120.4046
1740	96125	227	39.5936	-120.6269
1741	96126	39	39.5825	-120.3711
1742	96128	840	40.3509	-120.4068
1743	96129	132	39.7721	-120.4051
1744	96130	20812	40.3983	-120.6464
1745	96132	119	40.9509	-120.613
1746	96133	202	38.6415	-119.5122
1747	96134	2203	41.9316	-121.4347
1748	96135	172	39.8043	-120.1783
1749	96136	47	40.3406	-120.2824
1750	96137	3707	40.3038	-121.0226
1751	96140	805	39.2319	-120.0753
1752	96141	464	39.0786	-120.1734
1753	96142	766	39.0644	-120.1357
1754	96143	3737	39.2401	-120.0233
1755	96145	2399	39.1806	-120.1445
1756	96146	968	39.1752	-120.1954
1757	96148	776	39.2448	-120.0521
1758	96150	29001	38.917	-119.9865
1759	96155	0	38.8449	-120.043
1760	96161	18255	39.3385	-120.1729
